,HUISNR,PC
0,9,2984BG
1,2739,8901AE
2,629,8440AP
3,124,8800AC
4,12,9061AE
5,14,9044NR
6,2,8754LD
7,1,8397LJ
8,26,8629PH
9,2,8855CZ
10,7,9206AK
11,6,9207HE
12,107,9000AC
13,84,9076ZP
14,11,9288GJ
15,15,9205BD
16,60,8860AB
17,1,8517HA
18,19,8447EE
19,149,8500AC
20,9,8860AA
21,25,1948ND
22,91,9291CE
23,121,8456GD
24,12,8746NH
25,7,2742RA
26,2,9025BR
27,30,9035ED
28,66,8621CP
29,6,8391AH
30,12,9723JE
31,4,7921XC
32,13,9936BP
33,19,9967RA
34,60,9611AM
35,168,1811CP
36,164,1811CP
37,16,8071TD
38,4,8521NH
39,3,9646EA
40,107,9700AC
41,107,9700AC
42,16,9351SG
43,101,9744TS
44,2,7958VA
45,23,9400AA
46,7,9731AK
47,8216,9702KE
48,11,9744DS
49,39,6721JJ
50,18,9635AC
51,37,9363ZG
52,12,9001KE
53,110,9670AC
54,26,9728VP
55,32,8501SC
56,13,9671CA
57,71,9363ZH
58,15,8822WV
59,6,3208LJ
60,8725,3009AS
61,8,7833ZG
62,442,9700AK
63,71,3311JG
64,1,9979XX
65,7,9724AD
66,96,9700AB
67,10,9934CK
68,85,9600AB
69,3119,3301DC
70,6,3208LJ
71,46,9934RS
72,664,9700AR
73,5,9753TA
74,466,9600AL
75,99,9727AJ
76,144,9727AP
77,40001,6504AA
78,20,9936TG
79,18,9902SR
80,44,9628CP
81,22,9636HW
82,22,9636HW
83,14,9930AA
84,13,9671CA
85,125,9728CG
86,39,9700AA
87,52,9649HW
88,24,9950AA
89,96,9943PC
90,148,3881SL
91,28,9672AD
92,75,9281LC
93,11,1705JC
94,28,9982AX
95,246,9670AE
96,23,9723JC
97,32,9321HB
98,5,9742LA
99,22,2585GJ
100,4,9672BA
101,49,2533SG
102,58,9665MR
103,20,9672BN
104,109,9628CD
105,22,9636HW
106,123,9930AC
107,14,9930AA
108,14,9930AA
109,10,9934CK
110,5,9934AR
111,11,9670AA
112,37,9930AA
113,250,9930AG
114,123,9930AC
115,15,9561ZA
116,105,9648KK
117,423,9640AK
118,36,9712LG
119,123,9930AC
120,22,9649AJ
121,84,9636BT
122,9,9979XK
123,21,6827BJ
124,12,2952EH
125,63,7903AS
126,1116,7801BC
127,1298,1430BG
128,2,7825GS
129,121,1119RB
130,65,2991LJ
131,8,7908MZ
132,15,9411SB
133,9,9418TN
134,7,9206AK
135,501,5464PA
136,7,5993SL
137,5,4751XK
138,50,9765ZH
139,86,9230AB
140,5,7901TG
141,52,7963BZ
142,1019,7905SB
143,2,7761RA
144,20,7814XL
145,25,7958RS
146,12,7812HZ
147,9,7761RB
148,80,9403AD
149,10,9301ZJ
150,4,7833JA
151,16,7825AN
152,440,7770AK
153,10,9403DT
154,9634,3007AP
155,5,7924PG
156,4175,2980GD
157,252,8000AG
158,574,8000AN
159,27,3165AA
160,30,8064AK
161,3,8150AA
162,3,8150AA
163,23,8356EN
164,50,7710AB
165,131,3734EE
166,3,8150AA
167,5,8271RG
168,26,8131DP
169,36,8181JJ
170,26,8271RH
171,13,8050AA
172,252,8000AG
173,8,7739PL
174,8,7739PL
175,32,7701SE
176,2,7696BG
177,7,8013RK
178,14,7711GW
179,3,7955AA
180,66,7772KB
181,15,7921RV
182,1,8131WV
183,3,8102HX
184,15,8013RL
185,132,7324BD
186,111,7772NB
187,3,8150AA
188,30047,8003CA
189,4,7448RR
190,292,7600AG
191,21,7575ER
192,1,7460AA
193,202,7500AE
194,105,7587NG
195,202,7500AE
196,29,7602PD
197,18,7575ED
198,385,7600AJ
199,23,7575DB
200,29,7461TP
201,10,7543GT
202,8,7602PW
203,8,7532ST
204,219,1118BH
205,1333,7500BH
206,1333,7500BH
207,415,7570AK
208,215,7570AE
209,374,7570AJ
210,69497,1060CM
211,2,7575BP
212,30,7575DA
213,16,7547TB
214,13,7608RH
215,23,7575DB
216,332,7532SN
217,78,7590AB
218,1,7472DD
219,41,7511ZA
220,215,7570AE
221,22,7665ST
222,15,3851SL
223,6,1521RC
224,209,8096BJ
225,629,8440AP
226,629,8440AP
227,81,5342LW
228,339,5140AH
229,339,5140AH
230,339,5140AH
231,1,3849BM
232,16,7141ZT
233,6,7332BB
234,1050,3900BB
235,45,7130AA
236,24,6971BA
237,6,3016BD
238,18,7261AD
239,30,7122PW
240,2,7202CT
241,394,8901BD
242,70,7255ZH
243,1015,3840BA
244,100,5804AM
245,70,3860AB
246,8,7383CB
247,37,6981AD
248,7,6961DP
249,98,7241VM
250,14,7151HD
251,29,7325WZ
252,29,7325WZ
253,33,2161LE
254,54,7201EE
255,2120,7420AC
256,2,7231CP
257,8,3771MK
258,10,7572ZH
259,118,7630AC
260,20,3991VB
261,60,3882NJ
262,7,7604ER
263,1359,7500BJ
264,11,2391PZ
265,106,7547AL
266,23,7382AK
267,6,7091CS
268,81,7475ZH
269,41,5571KB
270,202,7500AE
271,202,7500AE
272,202,7500AE
273,12,7384SN
274,266,3845LD
275,82,8256ES
276,454,7602KM
277,71,8700AB
278,66,7390AB
279,202,7500AE
280,21,7630AA
281,6,3628AC
282,22,3771VT
283,28,7576EM
284,1,7556BP
285,33,8162XS
286,7,6921EW
287,17,7577JC
288,282,3880AG
289,34,8097SG
290,21,8242PE
291,156,7604BP
292,100,7554NB
293,101,3066GS
294,1,7491EZ
295,12,7312EH
296,40,7609SJ
297,22,3846BN
298,15,7621AX
299,4,7604BL
300,766,2132NM
301,53,7547TE
302,8,7391TW
303,3,7251LH
304,37,8081HB
305,14,7671NE
306,46,7671RE
307,1115,7301BJ
308,263,1792CJ
309,6,4043JD
310,11,8160AA
311,16,7611AG
312,16,3888MV
313,12,8162ET
314,1050,3160AG
315,2044,7420AA
316,14,8051KW
317,150,7544VV
318,99,7241MB
319,20,3774RA
320,8,7418BG
321,383,7300AJ
322,371,7460AJ
323,6,2033DA
324,101,7202CA
325,18,7547TB
326,64,3853TK
327,3,3785KX
328,23,7575AR
329,161,7770AD
330,2,7623CS
331,133,3771MA
332,18,6961PJ
333,37,7481RS
334,6,7631JC
335,25,7421ET
336,25,7421ET
337,9,8011RT
338,10,7521BE
339,1,7460AA
340,22,7554TX
341,9,3881LW
342,9,7597MD
343,40,7707ZG
344,13,1135GG
345,9,7041GX
346,89,6827AL
347,99,7040AB
348,22,5521DZ
349,53,5521DZ
350,74,6831AJ
351,45,6980AA
352,11,6673DP
353,187,6900AD
354,230,7040AE
355,57,3770AB
356,15,8255RN
357,19,6921RE
358,21,3770AA
359,65,6922JA
360,5,6909DZ
361,13,2950AA
362,43,6921RE
363,19,3774RA
364,501,7000AM
365,78,6902PK
366,1,6931SG
367,109,3771MA
368,3,3959BE
369,135,2131AR
370,2104,5600CC
371,7,5986PM
372,33,3771MA
373,1006,6920BA
374,23,7122ME
375,41,6666WS
376,760,2130AT
377,18,7040AA
378,18,7040AA
379,45,6980AA
380,45,6980AA
381,109,6843PP
382,90,6590AB
383,63,7040AB
384,54142,3008JC
385,21,6901JV
386,78,1412JL
387,2,7122NR
388,21,6691CT
389,6,7047CA
390,19,7031HH
391,4,7041BM
392,6,6640AA
393,104,6900AC
394,12,6915VJ
395,47,7256AA
396,14,6902PR
397,47,7100AA
398,26,6921GW
399,130,2678AG
400,194,6814GK
401,31,4879NE
402,2,2652XT
403,20,1047BM
404,2,7942KE
405,718,6710BS
406,44,7461AE
407,302,5680AH
408,2,9482WH
409,15,8501XJ
410,302,5680AH
411,1410,5688HA
412,46,9460AA
413,17,6996AA
414,89,6602DD
415,3,6581KX
416,540,7400AM
417,8,6121RE
418,18,7040AA
419,5,7047CC
420,2031,6536JK
421,211,6600AE
422,69,6828CD
423,4,6644BT
424,9,6611KA
425,45,6980AA
426,45,6980AA
427,8,6921RE
428,8,6921RE
429,58,6902PK
430,8,3991CS
431,43,7075ED
432,55,6681CW
433,3,6744PK
434,40119,6504AC
435,1154,6546AS
436,40070,6504AB
437,2162,6604LG
438,55,7131XL
439,2,6741HC
440,5,6716KC
441,117,6542JD
442,6,6544XK
443,2,6942SG
444,93,6733AD
445,1,6521BA
446,19,6957AB
447,40119,6504AC
448,17,6902PB
449,13,2950AA
450,38,6711HD
451,445,7535AZ
452,11,6731CL
453,50,6871XH
454,1105,6546AR
455,51,6741WJ
456,57,6524HV
457,9121,6537KJ
458,25,2526TM
459,8,6741EH
460,2414,6604LL
461,578,6710BN
462,21,6732GH
463,18,7037AB
464,51,6668CA
465,1014,6546BA
466,5,6744XA
467,136,6466GR
468,1,6525VK
469,28,6675AS
470,30,6661XG
471,4,6916ZG
472,10,6827BD
473,114,6601JD
474,47,7060AA
475,14,4033KN
476,24,6921RW
477,78,7051WS
478,2,9414TN
479,308,6541CD
480,46,7391ME
481,24,7418EW
482,63,6811HC
483,15,6641EL
484,7,7271LC
485,110,6814KN
486,40,7040AA
487,9,6644AR
488,79,6921RZ
489,10,6551AD
490,10,6731EK
491,17,6616AV
492,4,6545AG
493,18,6960AA
494,27,6987EA
495,27,4143BR
496,2,6718XA
497,10,4401EZ
498,26,6523LC
499,2,7007CN
500,9,6602ET
501,16,6673DV
502,2,6611BP
503,5,7061AA
504,1,7102EM
505,7308,5692HH
506,43,6603AV
507,14,6718XT
508,36,5234GM
509,29,6621BV
510,7946,6601RP
511,1012,3860BA
512,6729,6503GE
513,5,6611AH
514,74,6603BR
515,30,6602AV
516,40,6681LN
517,45,7091VJ
518,7,4941VX
519,102,6524MJ
520,19,6500AA
521,5,6581HN
522,10,6551DP
523,8761,5605LT
524,21,6604BT
525,41,4001XA
526,1,4104BC
527,67,5327AB
528,1,4152GC
529,26,4119LZ
530,41,5262GD
531,21,5308KD
532,125,4100AC
533,40,4013CS
534,29,4032NA
535,3,5320AA
536,24,4033BK
537,8,5324DD
538,31,5301LX
539,302,1082ME
540,61,3371SX
541,9,4191NZ
542,3,5311PC
543,23,4196AK
544,1,4021CL
545,20,4051BW
546,4,4116CE
547,42,4211CC
548,46,5317KR
549,5,4001CH
550,11,3016GM
551,7,2952CA
552,32,1118LB
553,5,4043LZ
554,1,4241XS
555,5322,3008AH
556,1,4191HE
557,4,4116CE
558,15,6669CA
559,1,5320AA
560,2,6659BP
561,3017,5203DA
562,59,5900AB
563,43,5800MA
564,244,2142LE
565,1603,5860AA
566,3335,5902RH
567,3137,5902RC
568,127,3300AC
569,17,5932CS
570,3,5801RV
571,2,5911JJ
572,3231,5902RE
573,152,5928RH
574,10,5862AT
575,27,5900AA
576,12,5961PX
577,3151,5902RD
578,3071,5902RB
579,7,3195ND
580,51,6120AB
581,2,1118LK
582,59,5900AB
583,163,1075GX
584,32,5931BX
585,3250,5902RG
586,8,5964PE
587,3301,5902RH
588,182,5900AD
589,4,6598DL
590,6,5928LL
591,6,5928LL
592,6,5928LL
593,6,5928LL
594,6,5928LL
595,304,1017RN
596,3,5916LD
597,1,5986NT
598,63,5931HM
599,3078,5930AB
600,3071,5902RB
601,27,5922ED
602,19,5993SL
603,19,5993SL
604,15,5521DZ
605,5171,3008AD
606,5171,3008AD
607,5171,3008AD
608,25,3165AC
609,5171,3008AD
610,5171,3008AD
611,21,5975RZ
612,148,5900AC
613,414,5900AK
614,114,6590AC
615,3071,5902RB
616,3231,5902RE
617,35,5807ES
618,40,6081PH
619,10301,6000GH
620,8063,5901AB
621,1,5813BN
622,4,6041AV
623,4803,5953ZL
624,3177,5930AD
625,67,6065EM
626,36,5921JC
627,3078,5930AB
628,3313,5902RH
629,46,5912HR
630,10266,6000GG
631,8068,5901AB
632,30,6043RM
633,255,6100AG
634,18,6001SE
635,75,5911GG
636,16,6081CX
637,2,6067AA
638,49,5802CB
639,1,5928LL
640,8,6082BC
641,142,5913CR
642,21,6003DK
643,12,5912JL
644,2,6082BC
645,107,3088GC
646,4,6199AD
647,1220,6040KE
648,17,6019AA
649,62,6114ZH
650,37,6031AD
651,156,6006AC
652,10,6088PA
653,2,6082BC
654,2,6003DB
655,10301,6000GH
656,5155,3008AD
657,9,6121RE
658,2,6082BC
659,71,6014AD
660,10,6051CR
661,20,6002SM
662,120,6002SX
663,51,6031CS
664,33,6031CD
665,194,6181MA
666,12,6135KH
667,16,6333AP
668,12,6135KH
669,52,2987VE
670,37,6136AK
671,3071,5902RB
672,29,6460AA
673,45,6181DN
674,27,6442PB
675,10,6121PA
676,12,6411GM
677,28,6412PJ
678,7,4131LX
679,20,6361XN
680,54,6105BN
681,31,6199AC
682,57,6191RD
683,191,6413AE
684,56,6413AG
685,2,6941ST
686,3022,6460HA
687,128,6411HW
688,62,6343PC
689,13,6199AC
690,4,6411KS
691,2,6241EL
692,5,6291BC
693,70,6199AA
694,1,6461KB
695,6,6135JH
696,9,5991NP
697,11,5768PD
698,301,6130AH
699,24,6365ED
700,148,6181MA
701,16,6199AD
702,29,1118LA
703,1,2742RB
704,19,5928RX
705,9,6121RE
706,25,5928LA
707,2,6361GZ
708,2,6101XH
709,54,6051AV
710,51,6415GE
711,39,6433KC
712,90,6191EH
713,1,6235NS
714,3117,5902RC
715,24,6162KN
716,20,6229EE
717,73,6590AB
718,6,6464HM
719,83,5916PJ
720,281,6100AG
721,410,6181MD
722,1,6229PP
723,4302,6202VA
724,10,6301CK
725,10,6041XD
726,1,6247EM
727,224,1200AE
728,29,3257ZG
729,6,5349BG
730,6037,5700ES
731,75556,1118ZP
732,15,8028PS
733,111,3542AB
734,17,5347KR
735,17,5347KR
736,17,5347KR
737,17,5347KR
738,17,5347KR
739,30,5222BP
740,4,5411DK
741,15,5975RX
742,1,5347JM
743,17,5386ZG
744,272,5480AG
745,13,5427ES
746,24,3606AS
747,3189,3502GD
748,12,3542AC
749,40,5651GH
750,200,6600AE
751,2,5807GB
752,2,4751XN
753,7,6422PJ
754,149,5235EC
755,9,4261KC
756,9,5258LH
757,71145,1008BC
758,355,5340AJ
759,50,5340AB
760,17,5051AA
761,7,5469ER
762,15,6836GK
763,2,4143HM
764,163,2400AD
765,83,5411AT
766,5,5657EA
767,204,5530AE
768,100,5504RP
769,36,5715PD
770,2000,5657EX
771,102,1101CM
772,8509,5605KM
773,12,5651GL
774,12,5720AA
775,1225,1430BE
776,7,5555XN
777,75,5757BJ
778,2097,6020AB
779,7102,5692HC
780,55111,3008EC
781,4,5694NN
782,34,5401PE
783,106,5730AC
784,9,5627GA
785,83,5575AE
786,73,5554SX
787,53,5691BA
788,9,6026PX
789,290,5530AG
790,70,5421RV
791,12,5657EN
792,3053,3502GB
793,117,5680AC
794,616,5140AP
795,16,5145NS
796,616,5140AP
797,9,5047TM
798,48,5580AA
799,75,5450AB
800,165,5575AG
801,210,5201AE
802,210,5201AE
803,3,5626BK
804,2255,5600CG
805,1484,5602BL
806,2005,5260CA
807,6,6026VL
808,61,5240AB
809,1,5469ZG
810,3182,5902RD
811,10,5405BW
812,6,5253RL
813,6,5281PL
814,2,5595XH
815,244,5400AE
816,3,5156NL
817,611,5600AP
818,57,5657EA
819,6,5236WB
820,212,6881TP
821,208,5928RJ
822,611,5600AP
823,611,5600AP
824,3,5632CW
825,15,1431BA
826,22,5262SJ
827,75,5450AB
828,4,5076SN
829,49,5688EC
830,112,5705CL
831,47,5721TZ
832,12,5651GL
833,9,5151WD
834,16,5482TK
835,30,5341GM
836,7,5731CC
837,5,5527CA
838,2,5581HE
839,142,5060AC
840,69,5401HA
841,6,5831WE
842,87,3445VV
843,26,5070AA
844,2,5349BV
845,4,5236TJ
846,4,5691GL
847,49,5688EC
848,78,5151HN
849,5,5384SW
850,13,5402HW
851,5,5408SZ
852,8,5521DE
853,45,5251LZ
854,55,5464PN
855,17,5741GK
856,1,5652LA
857,13,5441PB
858,2,5441PB
859,25,5845ET
860,15,5735KM
861,13,5346WK
862,1715,5602BS
863,5,5091BG
864,2,5595XH
865,2,5215MX
866,11,9640AA
867,96,5750AB
868,14,5431NN
869,3,5632CW
870,2,5074PR
871,45,5712BA
872,21,5397GN
873,20,5754AE
874,5,5283PM
875,93,2627AT
876,50,4261BZ
877,59,3341LL
878,61,4286ZH
879,744,5400AS
880,43,5014LT
881,9,5386EV
882,27,5221GS
883,2,5657ES
884,9,1118LP
885,14,5644HP
886,3,5397HA
887,64,5374ZH
888,35,5651GK
889,2,5107RE
890,42,2410AA
891,36,5715PD
892,17,5215CS
893,14,4251GB
894,22,5076PZ
895,19,4264AT
896,113,5215AH
897,1,5151ST
898,30,5451NL
899,3,5343EV
900,45,5048AV
901,18,6026VH
902,199,5751KX
903,199,5751KX
904,19,5993SL
905,20,5482TG
906,26,5051DZ
907,8,5048AE
908,8,4825AZ
909,77,5126ZH
910,45,5015BT
911,30,1118LB
912,278,3190AG
913,8,5111HJ
914,542,5000AM
915,9,5062AG
916,39,5091DH
917,483,5011SL
918,45,5015BT
919,13,5062TE
920,117,5070AC
921,2,5087ZG
922,48,4631RM
923,51,4817BL
924,37,1101AH
925,6489,4836LH
926,28,5144NT
927,42,7961EA
928,501,5000AM
929,370,3990GD
930,29,1551ND
931,33,3194DA
932,19,4819AB
933,12,4251LR
934,14,5632AX
935,7,4921SH
936,39,4269VD
937,3,5145NP
938,4057,5004JB
939,11,5032MP
940,4,5032MK
941,13,5047SX
942,50,4250DB
943,11,4921JL
944,229,3315NM
945,7,4283JE
946,7,4283JE
947,1,4251LR
948,22,5080AA
949,2,4856AC
950,4121,5004JC
951,229,5140AE
952,43,4251NK
953,944,3160AC
954,19,4942VR
955,4,4251CR
956,18,4271XL
957,1,5048CD
958,11,4815NC
959,71,5120AB
960,9,6422PE
961,12,4251NL
962,45,5015BT
963,51,5021HK
964,3040,2980DA
965,23,5161CD
966,53,4926ED
967,142,4700AC
968,1,4941TA
969,58,4930AB
970,29,5104JA
971,10,5256ZG
972,21,8251JP
973,23,4251NK
974,1,4251LK
975,117,5145PB
976,14,4283JG
977,450,5140AL
978,13,4251NZ
979,457,5140AL
980,65,5170AB
981,16,5145NE
982,29,4284ZG
983,26,4251XB
984,13,5317JS
985,151,4261AH
986,10,5151LM
987,10,4941DZ
988,26,5156CW
989,4,4926EG
990,5,4286LN
991,5069,5004EB
992,12,6003DB
993,2104,5600CC
994,1,5143EE
995,46,5658GD
996,96,4890AB
997,41,4721AL
998,32,4671BG
999,5,4645ZG
1000,2,1118LK
1001,1086,4700BB
1002,1086,4700BB
1003,59063,3008PB
1004,2,4283JH
1005,14,4903PA
1006,6086,4780LX
1007,545,4838ED
1008,27,3045AX
1009,2,4706PL
1010,5,4903RJ
1011,166,1500ED
1012,37,4900AA
1013,27,5900AA
1014,1,4782SL
1015,281,4835NC
1016,3,4878AH
1017,39,4705RG
1018,6,4613BR
1019,4,4706PN
1020,4132,4900CC
1021,23,4706DP
1022,6,4824AH
1023,2,3286BT
1024,32,4611HX
1025,40,4707AG
1026,11,4612RC
1027,6,4703RB
1028,49,4782PM
1029,6063,4780LS
1030,28,4921PJ
1031,123,4790AC
1032,6802,4836LK
1033,19,4906CG
1034,43,2984AN
1035,1302,4700BH
1036,2,5087ZG
1037,32,4611HX
1038,80,4780AB
1039,14,4782PZ
1040,112,4890AC
1041,4,4661AP
1042,26,4825BP
1043,1086,4700BB
1044,45,4707AV
1045,12,4791EZ
1046,1419,4700BK
1047,72,4600AB
1048,24,4705AA
1049,2,4726SL
1050,8,4847EX
1051,6252,4836LG
1052,22,4715TC
1053,7,4703RE
1054,8,4772PD
1055,1507,4700BM
1056,18,3200AA
1057,3,4909BL
1058,432,5500AK
1059,41,4877LA
1060,6389,4836LE
1061,9,4782SM
1062,12,4631NH
1063,45,2180AA
1064,193,4872LA
1065,6,4782SK
1066,46,2964ZG
1067,15,3316BB
1068,6252,4836LG
1069,6,4703RE
1070,13,4631SR
1071,48,3344AL
1072,8,4651SZ
1073,102,4702LC
1074,618,4600AP
1075,13,4751VK
1076,342,4870AH
1077,28,4780AA
1078,6063,4780LS
1079,11,4611TS
1080,19,4751XC
1081,15,4703RG
1082,9,4822PP
1083,8,4641SH
1084,13,4817BL
1085,14,4903PA
1086,28,4782PM
1087,1,3115HG
1088,9,4731TV
1089,59174,3008PD
1090,57,4824BW
1091,5,4891DZ
1092,35,4761VH
1093,5102,4814RN
1094,200,1097JB
1095,70,4780AB
1096,151,3194DC
1097,4084,4900CB
1098,258,4871LA
1099,97,4707SH
1100,141,4880AC
1101,3,4906CJ
1102,60,4706PB
1103,37,4906CX
1104,48,4708AL
1105,719,4600AS
1106,34,4871DC
1107,71,5400AB
1108,6041,4836LA
1109,3,4611AP
1110,106,3087AJ
1111,19,4671JL
1112,1,4782SL
1113,2,4726SL
1114,15,5145NP
1115,6519,4836LD
1116,1302,4700BH
1117,10,4791BE
1118,6034,4900HA
1119,76,5015BM
1120,12,4791RM
1121,642,4870AP
1122,41,4854AG
1123,9,4661TW
1124,920,1013BD
1125,83,4651CC
1126,237,4900AE
1127,6578,4802HN
1128,6,4782SK
1129,3911,4800DX
1130,106,3087AJ
1131,32,4671BG
1132,5650,4801EB
1133,52,4871JG
1134,94,2984AB
1135,44,4705RR
1136,40,4611AL
1137,1086,4700BB
1138,1563,4700BN
1139,27,4706JX
1140,18001,4601ZA
1141,719,4600AS
1142,664,4900AR
1143,50,4724SG
1144,23,4645ZG
1145,285,3190AG
1146,5,4711ND
1147,20,4790AA
1148,6802,4836LK
1149,108,4902NS
1150,10,4813HK
1151,31,4330AA
1152,40,4341MN
1153,78,4871BP
1154,15,4782PP
1155,40,5062AE
1156,10,5111HH
1157,23,4904HV
1158,9760,4801LW
1159,36,4844AK
1160,8,6662DC
1161,9234,3007AE
1162,1,4782SB
1163,10,4907AD
1164,6086,4780LX
1165,3118,5902RC
1166,5062,5800GB
1167,6086,4780LX
1168,5,7041GD
1169,30,6199AN
1170,3,4551LA
1171,30,4612PS
1172,18,6199AB
1173,31,1047HD
1174,7,7041KK
1175,8,4844PK
1176,98,4708AM
1177,43,4400AA
1178,1594,4700BN
1179,15,2153PH
1180,27,4782PV
1181,18,4251NS
1182,70,4860AB
1183,368,5000AJ
1184,2,4871EB
1185,7,4338PG
1186,11,4761RG
1187,6045,4836LA
1188,26,4906CX
1189,95,3072AP
1190,46,4420AA
1191,51,4600AB
1192,63,4814TT
1193,6048,4780LA
1194,189,4530AD
1195,5,4530AA
1196,86,4550AB
1197,23,4538BV
1198,112,4511PA
1199,1,4550AA
1200,1,4551MC
1201,1082,4530GB
1202,6400,4802HK
1203,6400,4802HK
1204,14,4421PW
1205,14,4421PW
1206,24,4501BD
1207,18,4538AH
1208,17,4511AN
1209,16,4587RA
1210,14,4421PW
1211,0,
1212,14,4567BR
1213,102,4511GP
1214,44,4501PA
1215,6400,4802HK
1216,6400,4802HK
1217,1,4542PM
1218,1,4511HW
1219,6,4417ZG
1220,5,4530AA
1221,396,4380AJ
1222,7,4301CV
1223,908,3300AX
1224,93,4381EV
1225,39,4493ZG
1226,12,4401HZ
1227,12,4401HZ
1228,2,4424AA
1229,4,4384KL
1230,2,4455SZ
1231,12,4401HZ
1232,21,4387PL
1233,12,4704RK
1234,35,4389PC
1235,1,4542PM
1236,114,4530AC
1237,6400,4802HK
1238,6400,4802HK
1239,72,4530AB
1240,18001,4601ZA
1241,24,4501LA
1242,1,4542PM
1243,4,6942DJ
1244,10,4315CA
1245,220,4380AE
1246,1057,4388ZH
1247,1057,4388ZH
1248,1200,4530GE
1249,1200,4530GE
1250,57,4510AB
1251,1057,4388ZH
1252,5,4530AA
1253,7,4461AP
1254,5,4530AA
1255,5,4530AA
1256,5,4530AA
1257,27,5900AA
1258,497,4389PA
1259,70,3197KG
1260,2,4524BV
1261,1212,1081LA
1262,6400,4802HK
1263,21,4527BD
1264,432,1780AK
1265,12,4401CG
1266,9,4531EA
1267,5792,4801ED
1268,4,4464JE
1269,102,3062ME
1270,37,4690AA
1271,2,4455TE
1272,7,4331NV
1273,12,4401HZ
1274,748,4382AC
1275,23503,3001KM
1276,1,4382NA
1277,21,3042CH
1278,22,2993LD
1279,6,4207HZ
1280,2,3244ZG
1281,12,3300AA
1282,35,4781AH
1283,262,3360AG
1284,182,3331ML
1285,182,3331ML
1286,7039,3286ZG
1287,88,3261AL
1288,22,4175ZG
1289,5,3299AL
1290,7,2995TP
1291,141,3362SC
1292,3,4131NT
1293,11,3316BD
1294,8,3267BD
1295,250,3316LC
1296,339,2980AH
1297,257,3360AG
1298,629,3300AP
1299,68,3079JW
1300,11,2950AA
1301,32,3356LX
1302,17,2953HC
1303,279,3350AG
1304,30,3355ES
1305,6520,4836LD
1306,110,4691TA
1307,3,3311DH
1308,120,3311PE
1309,466,3300AL
1310,160,3331MA
1311,466,3300AL
1312,86,3316GS
1313,3088,3301DB
1314,77,3311TH
1315,1014,3160AE
1316,428,3356XM
1317,1,4283HP
1318,24,2984AG
1319,131,3734EE
1320,150,3331MA
1321,8,4231VH
1322,230,3350AE
1323,6,2970AA
1324,34,3016BC
1325,56,3241LR
1326,124,2950AC
1327,2,3316GN
1328,14,3297WB
1329,5,3316BR
1330,617,3300AP
1331,1,3295LJ
1332,183,5430AD
1333,65,5685GB
1334,10,3313ES
1335,59101,3008PC
1336,617,3300AP
1337,11,2950AA
1338,466,3331LK
1339,61,4207CD
1340,16,2742MT
1341,288,3072MK
1342,6086,4780LX
1343,189,3111AJ
1344,268,3331ML
1345,45,3315BP
1346,7,4131NJ
1347,2,3344EM
1348,27,3381KA
1349,167,3351HM
1350,15,4104AL
1351,75763,1118ZX
1352,407,2990AK
1353,130,3012NC
1354,269,3190AG
1355,7,3342GS
1356,18,2992SR
1357,7039,3286ZG
1358,6,3291CN
1359,14,3316EL
1360,7,2951TJ
1361,5,4791VC
1362,23075,3001KB
1363,1068,3000BB
1364,101,3198LC
1365,8,1044AB
1366,30,4906CX
1367,1,3197LK
1368,7400,3000HK
1369,68,3029AS
1370,14,3011KA
1371,166,3330AD
1372,140,2260AC
1373,6,4824AE
1374,1,5986PK
1375,3175,5902RD
1376,314,6710BH
1377,305,7570AH
1378,59080,3008PB
1379,75579,1118ZP
1380,37,4389PC
1381,6,6199AD
1382,24,1078GZ
1383,718,5000AS
1384,718,5000AS
1385,718,5000AS
1386,31,5047RM
1387,1,5928SG
1388,4,5032MJ
1389,6,3521AL
1390,10,3084BA
1391,99,2990AB
1392,10,3089JC
1393,6033,3002AA
1394,5428,3008AK
1395,199,3199KA
1396,75,3198LS
1397,59113,3008PC
1398,59121,3008PC
1399,28,3331MK
1400,15,3316BB
1401,93,3072AP
1402,93,2400AB
1403,59178,3008PD
1404,575,3190AM
1405,2,3161WD
1406,12,2678AG
1407,1049,3160AE
1408,270,3011XZ
1409,8273,1005AG
1410,83,3316AK
1411,149,3000AC
1412,3070,3101EB
1413,4334,3102GG
1414,11,3055LA
1415,62,3113BD
1416,4,3331LL
1417,54507,3008KA
1418,12075,3004GB
1419,8,1118LB
1420,11,3197LG
1421,425,3200AK
1422,6150,3002AD
1423,30,2132MR
1424,342,3012NJ
1425,11,3208KH
1426,1068,3000BB
1427,59069,3008PB
1428,24150,3007DD
1429,164,3194AM
1430,59119,3008PC
1431,161,3071NR
1432,50,2987VE
1433,5322,3008AH
1434,76,3223XJ
1435,1030,3160AE
1436,815,1077XX
1437,4,4782PP
1438,44,3062SH
1439,50,6222NW
1440,1159,3000BD
1441,107,3088GC
1442,1,3088GN
1443,607,3195ZG
1444,5490,3008AL
1445,23213,3001KE
1446,89,3316AK
1447,706,5900AS
1448,41,3165AM
1449,1,1437EP
1450,149,3000AC
1451,159,3192NB
1452,56,3311TH
1453,174,2980AD
1454,44,3197KJ
1455,182,2901HC
1456,21059,3001AB
1457,1294,3000BG
1458,1,1437EM
1459,6087,4780LX
1460,1150,1430BD
1461,5,3196KC
1462,40,1118LD
1463,75556,1118ZP
1464,50,1951NE
1465,4,3161GL
1466,183,2980AD
1467,9,3199KD
1468,149,3000AC
1469,5696,3008AR
1470,23054,3001KB
1471,4,1044AE
1472,5696,3008AR
1473,14,3000AA
1474,120,3300AC
1475,3,3011RR
1476,59028,3008PA
1477,244,3190AE
1478,155,3087AG
1479,42,3011XS
1480,149,3000AC
1481,12,2491BG
1482,863,3000AW
1483,3,2984BB
1484,13000,1100KG
1485,5155,3008AD
1486,190,3011KD
1487,46,3194AC
1488,29072,3001GB
1489,1546,3000BM
1490,4,3087BL
1491,5,3161WE
1492,57,3088GB
1493,200,3316KE
1494,26,3241LS
1495,1,3247CP
1496,3,3011WG
1497,676,3000AR
1498,269,3190AG
1499,5,3214VR
1500,85,3081AB
1501,118,3037GL
1502,2,2651LV
1503,75662,1118ZS
1504,30,3062ME
1505,966,3160AD
1506,59167,1040KD
1507,966,3160AD
1508,75,4780AB
1509,8,2984BG
1510,1575,3000BN
1511,1575,3000BN
1512,5175,2900ED
1513,29090,3001GB
1514,1123,3180AC
1515,11,3088HG
1516,8,3115JE
1517,20,2984AT
1518,136,2983GM
1519,211,3081JN
1520,910,3199LC
1521,240,3000DH
1522,5175,2900ED
1523,53,2992LC
1524,54191,3008JD
1525,144,4818CP
1526,149,3000AC
1527,350,3331MC
1528,9,3237MG
1529,45,2803PE
1530,257,3360AG
1531,26,3087BP
1532,1031,4388ZG
1533,134,3055KL
1534,244,3190AE
1535,966,3160AD
1536,5,3016CK
1537,490,2900AL
1538,806,9728BM
1539,497,4389PA
1540,1575,3000BN
1541,9140,3007AC
1542,1050,3160AG
1543,2,4791RN
1544,1,3161GH
1545,742,2909VA
1546,95,3012KG
1547,87,3198LB
1548,54022,3008JA
1549,18,3200AA
1550,1030,3160AE
1551,14,3000AA
1552,31,3077AP
1553,11,2803XR
1554,6153,3002AD
1555,30,3089KK
1556,1050,3160AG
1557,931,3160AC
1558,968,3160AD
1559,67,1505HJ
1560,889,2900AW
1561,77,4780AB
1562,111,3087AE
1563,21147,3001AC
1564,742,2909VA
1565,676,3000AR
1566,54022,3008JA
1567,1159,3000BD
1568,35,4472BA
1569,149,3000AC
1570,4,2803XP
1571,7,3087CC
1572,5405,3008AK
1573,40,3011XB
1574,24,6222NE
1575,889,2900AW
1576,42,3088HD
1577,89,4630AB
1578,4,3083HH
1579,2,2904SC
1580,21,4389PC
1581,485,2990AL
1582,171,3012BB
1583,190,3011KD
1584,43,2984AN
1585,211,3081JN
1586,35,3366BM
1587,7595,1118ZH
1588,23,2980AA
1589,1,1135GB
1590,7595,1118ZH
1591,10,4782PM
1592,22,3011TA
1593,170,3197KV
1594,893,3000AW
1595,1558,3260BB
1596,30,3016BC
1597,38,2991WD
1598,20,3062MB
1599,11,1118EE
1600,59230,3008PE
1601,59225,3008PE
1602,52,2987VE
1603,54142,3008JC
1604,54142,3008JC
1605,94,3199KZ
1606,8,3199LW
1607,17,9936BP
1608,8,2994LD
1609,30006,3001DA
1610,9230,3007AE
1611,889,2900AW
1612,6092,4780LX
1613,26,2991LH
1614,23146,3001KC
1615,244,3190AE
1616,126,3342LG
1617,97,3022CB
1618,6,3059SR
1619,59295,3008PG
1620,35,5928PH
1621,59090,3008PB
1622,7059,2701AB
1623,1,4455TT
1624,23298,3001KG
1625,1575,3000BN
1626,31,3077AP
1627,101,2771DS
1628,45,3200AA
1629,532,2900AM
1630,41,3194AA
1631,67,4780AB
1632,148,3331MA
1633,21032,3001AA
1634,211,3081JN
1635,268,3201LW
1636,1159,3000BD
1637,127,3087AE
1638,40116,6504AC
1639,9,3125BS
1640,7,5986PM
1641,7031,5980AA
1642,15,5628WB
1643,32,5651GG
1644,5,5684PB
1645,385,4600AJ
1646,8,8263CG
1647,8,8013RC
1648,20,6121RE
1649,1,4751XK
1650,2,3433KN
1651,3140,6604LV
1652,3142,6604LV
1653,59138,3008PC
1654,14,2990AA
1655,16,3223PA
1656,59069,3008PB
1657,968,3160AD
1658,5,2992KB
1659,53091,3008HB
1660,93,2400AB
1661,56,3014ZS
1662,107,2511DP
1663,286,2980AG
1664,4185,2980GD
1665,372,2983GR
1666,46,3316BP
1667,17,3055WV
1668,2,3341GX
1669,20,3087BD
1670,581,3190AM
1671,18,3261PX
1672,43,3350AA
1673,32,3331ML
1674,59069,3008PB
1675,215,1119PD
1676,16,9217RN
1677,700,3083AS
1678,18,7040AA
1679,2052,5600CB
1680,262,3900AG
1681,38,5804CD
1682,2519,3170BA
1683,2,3161WD
1684,59113,3008PC
1685,59063,3008PB
1686,5034,5004EA
1687,54003,3008JA
1688,30,3209BK
1689,25,3223TL
1690,31,3121XJ
1691,59087,3008PB
1692,48,3708ZS
1693,23,3114HC
1694,1014,3160AE
1695,10,1044AB
1696,20,4453VJ
1697,12,3044CA
1698,19039,3001BA
1699,59069,3008PB
1700,30,3016BC
1701,8,9979XJ
1702,5322,3008AH
1703,102,2661CV
1704,1280,3000BG
1705,170,3220AD
1706,52,5928PR
1707,31,4765BH
1708,155,3087AG
1709,7776,1118ZM
1710,59028,3008PA
1711,509,3233ZK
1712,5204,3008AE
1713,3,3208LA
1714,27,5900AA
1715,85,3088GE
1716,1,4782SL
1717,499,4389PA
1718,16,5916RP
1719,24,6199AC
1720,4,6921RZ
1721,28,7587GA
1722,17,9645LZ
1723,15,3016DE
1724,1050,3160AG
1725,196,3200AD
1726,8,3011KA
1727,216,2990AE
1728,147,3036HJ
1729,3008,2980DA
1730,106,3087AJ
1731,2,3161WD
1732,200,3073GR
1733,54088,3008JB
1734,560,3084CB
1735,560,3084CB
1736,3061,3003AB
1737,1,2908LH
1738,620,3190AN
1739,7,3051BP
1740,34,3074JB
1741,863,3000AW
1742,5,3161GR
1743,35,3121XB
1744,20,2661CP
1745,253,2901LB
1746,5322,3008AH
1747,23348,3001KH
1748,15,3197LG
1749,7070,3130JB
1750,27,5900AA
1751,78,3088HD
1752,48,3088HJ
1753,10,3194DJ
1754,236,3067GJ
1755,294,2990AG
1756,22,1013BL
1757,7070,3130JB
1758,8,3232HE
1759,395,2990AJ
1760,33,3194AR
1761,281,2990AG
1762,700,3083AS
1763,12,5171GB
1764,48,3088HJ
1765,149,3000AC
1766,83,3072AP
1767,66,3361HS
1768,42,3201AB
1769,170,3197KV
1770,231,2902XE
1771,17,7483PG
1772,1250,3180AG
1773,67,2980AB
1774,50502,3007JA
1775,487,2990AL
1776,59069,3008PB
1777,14,3140AA
1778,8,3135CD
1779,60,3233SE
1780,24,2984AN
1781,18,3125AN
1782,57,2992SB
1783,5,3016CK
1784,1,4761VD
1785,4,3331EE
1786,1050,3180AB
1787,5322,3008AH
1788,5322,3008AH
1789,5322,3008AH
1790,5322,3008AH
1791,67,3130AB
1792,3,3133KT
1793,12075,3004GB
1794,226,3130AE
1795,18,3200AA
1796,218,3130AE
1797,4,3197KJ
1798,7190,5605JD
1799,50,1118LB
1800,2,3045AK
1801,9,4731TV
1802,61,3088ED
1803,28,3208KH
1804,1042,3180AA
1805,5,2992KB
1806,10,4617NX
1807,35,3231AR
1808,14,3232BP
1809,45,3200AA
1810,45,3200AA
1811,45,3200AA
1812,18,3200AA
1813,67,3130AB
1814,2,3261KN
1815,59069,3008PB
1816,219,1118BH
1817,95,3012KG
1818,59040,3008PA
1819,98,3044BB
1820,59172,3008PD
1821,1,2921LA
1822,50,2670AB
1823,230,2670AE
1824,55092,3008EB
1825,57,3088GB
1826,178,3335DE
1827,218,3012KP
1828,1555,3000BN
1829,40,2991XV
1830,3,3142GD
1831,43,3089JD
1832,23156,3001KD
1833,4004,2980GA
1834,33,2988BA
1835,33,2988BA
1836,33,2988BA
1837,33,2988BA
1838,2057,2990DB
1839,149,3000AC
1840,50,3161KG
1841,61,3077AG
1842,29,3161GJ
1843,19,3089JH
1844,4170,2980GD
1845,10,3021BN
1846,33,2903LR
1847,34,2952AS
1848,54261,3008JG
1849,66,4380AB
1850,6,3233CH
1851,1,3208KP
1852,75,2925VB
1853,45,3012CA
1854,643,2900AP
1855,60,3079DN
1856,120,2900AC
1857,30,3137DL
1858,26,3035GD
1859,175,3190AD
1860,2,2988CM
1861,59121,3008PC
1862,67,3130AB
1863,190,3011KD
1864,190,3011KD
1865,190,3011KD
1866,173,3190AD
1867,17,3088HG
1868,1280,3000BG
1869,161,3071NR
1870,52,2987VE
1871,301,3222KE
1872,14,3088EB
1873,7776,1118ZM
1874,14,3088EB
1875,2,3133KW
1876,2,2132WS
1877,11142,3004EC
1878,1014,3160AE
1879,5163,3008AD
1880,30,3355ES
1881,142,3331MA
1882,21,3089JH
1883,9,3134LV
1884,17,2984BT
1885,59063,3008PB
1886,39,3130AA
1887,118,3198LS
1888,5,3047BR
1889,21,2681NN
1890,13,3065PE
1891,63,3088GB
1892,62,3161VG
1893,14,2993PX
1894,2,3208KH
1895,54534,3008KA
1896,62,3621BR
1897,1,2987AG
1898,286,2980AG
1899,497,4389PA
1900,13,3161HK
1901,59067,3008PB
1902,35,3053JR
1903,106,3311NZ
1904,14,3088EB
1905,968,3160AD
1906,40,2761JP
1907,1014,3160AE
1908,9234,3007AE
1909,23348,3001KH
1910,20,3176PD
1911,690,3000AR
1912,29,3165AA
1913,244,3190AE
1914,863,3000AW
1915,77,3087BM
1916,107,2925EK
1917,134,3012NC
1918,269,3190AG
1919,20,3311JD
1920,54142,3008JC
1921,13,3171NC
1922,1159,3000BD
1923,1159,3000BD
1924,1159,3000BD
1925,59001,3008PA
1926,20,3281NG
1927,6,4794SN
1928,54191,3008JD
1929,54191,3008JD
1930,59181,3008PD
1931,5,3196KC
1932,5,3196KC
1933,59181,3008PD
1934,581,3190AM
1935,581,3190AM
1936,59142,3008PC
1937,4,3045PV
1938,9,2992SP
1939,16,2994LD
1940,250,3200AG
1941,204,3197KV
1942,178,3335DE
1943,41,3194AA
1944,205,3027HV
1945,81,3197LG
1946,16,3088HC
1947,1030,3160AE
1948,109,3081BJ
1949,6038,4780LA
1950,83,3072AP
1951,116,3063GD
1952,180,3012KN
1953,2,4791RN
1954,863,3000AW
1955,32,3832RC
1956,27,3252LA
1957,16,3161ED
1958,7567,1118ZH
1959,23387,3001KJ
1960,3,3208LA
1961,291,3328SV
1962,59026,3008PA
1963,66,3161EW
1964,108,2900AC
1965,149,3000AC
1966,2,2676LL
1967,2,3281NB
1968,5,3016CK
1969,51,2907AX
1970,28,4780AA
1971,8,4906CW
1972,17,4906CX
1973,37,3194DH
1974,3,3208LA
1975,81,3197LG
1976,3402,3205EK
1977,2,4791RN
1978,2,3281LS
1979,42,3016BC
1980,80,2652XL
1981,23,2676LM
1982,23,2676LM
1983,132,3190AC
1984,123,2151GP
1985,59069,3008PB
1986,25,3133ES
1987,27,3088EC
1988,1017,6546BB
1989,53,4033KD
1990,1063,2410CB
1991,29051,3001GB
1992,45,3200AA
1993,84,3084CB
1994,5,2651BC
1995,23231,3001KE
1996,5,3161GR
1997,100,3190AC
1998,100,3190AC
1999,100,3190AC
2000,19,2242HK
2001,27,3223HB
2002,301,3222KE
2003,63,3088GB
2004,97,3244AM
2005,24,3079DB
2006,85,1119PA
2007,59182,3008PD
2008,12,3089KC
2009,149,3000AC
2010,4249,3006AE
2011,47,2906SC
2012,27,1175RK
2013,130,3012NC
2014,1159,3000BD
2015,213,3062CE
2016,526,1023BX
2017,1575,3000BN
2018,17,2984BE
2019,14,3011KA
2020,24,2901JV
2021,19,3336LH
2022,5,2992LA
2023,33,3131KZ
2024,14,3208KB
2025,24,3055LE
2026,59,3204BP
2027,2,2994LD
2028,175,3190AD
2029,29072,3001GB
2030,7,3051BP
2031,1159,3000BD
2032,1098,4801BB
2033,18,2992LA
2034,279,2497ND
2035,1,3161GM
2036,15,3223WE
2037,107,3088GC
2038,6,9563TV
2039,190,2988DC
2040,700,3083AS
2041,972,3160AD
2042,483,2130AL
2043,23,3352XE
2044,14,3054CH
2045,1050,3160AG
2046,28,3077ZE
2047,385,3190AH
2048,54500,3008KA
2049,149,3000AC
2050,149,3000AC
2051,100,3062MB
2052,19,6930AA
2053,4,2984BG
2054,1098,4801BB
2055,16,3261LX
2056,5322,3008AH
2057,1,4761VD
2058,59063,3008PB
2059,54142,3008JC
2060,31,3165AA
2061,2,3165AL
2062,1,3161GM
2063,221,2130AE
2064,62,3341LJ
2065,75817,1118ZZ
2066,264,3201WP
2067,59063,3008PB
2068,59063,3008PB
2069,59063,3008PB
2070,59063,3008PB
2071,59063,3008PB
2072,23407,3001KK
2073,4,2760AA
2074,61,7991RT
2075,11,4611TS
2076,49,4782PM
2077,25,3223TL
2078,151,3194DC
2079,59001,3008PA
2080,11,3088HG
2081,11365,3004EJ
2082,7385,3000HJ
2083,35,3089KM
2084,53,3196KH
2085,7,3196KC
2086,7,3196KC
2087,53,3196KH
2088,3,3208KP
2089,4,3281TW
2090,23424,3001KK
2091,41,3194AA
2092,57,3077AS
2093,125,3240AC
2094,350,1940AJ
2095,8025,1005AA
2096,129,2905TZ
2097,809,3160AA
2098,59,2821LA
2099,111,3063GD
2100,9230,3007AE
2101,1049,3160AE
2102,7,3072DE
2103,240,1101EE
2104,53012,3008HA
2105,3,3233KK
2106,10,2984AT
2107,20,3068MV
2108,24,3133LA
2109,809,3160AA
2110,3,2871RP
2111,59191,1040KD
2112,3,4761RL
2113,106,3340AC
2114,124,2974VH
2115,90,2909LC
2116,3,3116HB
2117,5322,3008AH
2118,5322,3008AH
2119,350,3331MC
2120,43,3088GB
2121,699,1017JV
2122,7,3087AB
2123,26,3053JV
2124,11278,3004EG
2125,27,3355BH
2126,10,2921LA
2127,55,3088HE
2128,7,3051BP
2129,12,1119NR
2130,59222,3008PE
2131,10,3151HS
2132,18,3125BC
2133,171,3065AC
2134,1050,3160AG
2135,206,3197KV
2136,11,4921ZA
2137,7385,3000HJ
2138,7400,3000HK
2139,9,3115JD
2140,24,3291CK
2141,41,3088GB
2142,10,5581CZ
2143,66,2991VD
2144,12091,3004GB
2145,497,4389PA
2146,63,2992CR
2147,149,3000AC
2148,6,3244LC
2149,61,2991LJ
2150,1165,3330CD
2151,56,2651AV
2152,21,3316BB
2153,58,4930AB
2154,25,3223TL
2155,45,2990AA
2156,7,2952AP
2157,151,3194DC
2158,6467,4836LH
2159,1,1118EC
2160,16,3165AL
2161,149,3000AC
2162,886,3160AB
2163,85213,3009ME
2164,28,3341GK
2165,78,3135NS
2166,16,3011TA
2167,83,3316AK
2168,3,4202MS
2169,11,2922EN
2170,28,3208KH
2171,64,2741EZ
2172,7,3114HB
2173,7,3051BP
2174,875,3199LD
2175,33,4389PC
2176,182,1000AD
2177,5696,3008AR
2178,55270,3008EG
2179,162,3045PD
2180,162,3045PD
2181,629,3300AP
2182,205,2950AE
2183,5322,3008AH
2184,245,3340AE
2185,12075,3004GB
2186,158,2517KP
2187,12,3233BZ
2188,192,5928RH
2189,150,3100AD
2190,182,3331ML
2191,93308,2509AH
2192,46,3047AC
2193,184,3197KV
2194,1314,3180AH
2195,262,3021HR
2196,24,6222NE
2197,41,3088GB
2198,4104,5692DC
2199,1,4791PB
2200,115,2909LE
2201,199,3161PG
2202,7404,3280AE
2203,244,3190AE
2204,1575,3000BN
2205,1575,3000BN
2206,34,3054EL
2207,41,3194AA
2208,244,3190AE
2209,3000,4200EA
2210,1015,3160AE
2211,77,3087BM
2212,45,2982CH
2213,44,3197KJ
2214,1575,3000BN
2215,581,3190AM
2216,15,3089JA
2217,33,3131KZ
2218,2,3194DE
2219,17,3117VB
2220,1,1118EC
2221,1,1118EC
2222,56,3237AX
2223,12,3011BL
2224,3000,4200EA
2225,43,3089JD
2226,73,2907LH
2227,24,3088HE
2228,9,1118EE
2229,7,3115JC
2230,61,3088GB
2231,71,3311JG
2232,15,2902BR
2233,57,3088GB
2234,6,4791AA
2235,149,3000AC
2236,42,3201AB
2237,96,2991CN
2238,83,3087BM
2239,1575,3000BN
2240,149,3000AC
2241,41,3014AK
2242,183,3197KA
2243,14,3011KA
2244,110,3331MA
2245,28,2992ZX
2246,10,3195KN
2247,8,3067BW
2248,17,3114SW
2249,106,3194DG
2250,59087,3008PB
2251,71,5342LW
2252,30,3199LB
2253,20,2993LE
2254,9,3115JD
2255,1,3165AA
2256,538,2903HK
2257,509,3233ZK
2258,1,3248LK
2259,14,3011KA
2260,809,3160AA
2261,12,3067PR
2262,9,3053JV
2263,25,3335DB
2264,323,2990AH
2265,19,2408CW
2266,12,3113AR
2267,84,3065SN
2268,53,1505HJ
2269,466,3331LK
2270,21,3088EA
2271,5,2907ZA
2272,10,2652LE
2273,17,2951SX
2274,76,3299AH
2275,2,3352XG
2276,362,3000AJ
2277,150,3012KM
2278,48,2651AV
2279,5,4791VC
2280,41,5465PX
2281,31,4765BH
2282,294,2990AG
2283,36,3059TA
2284,11,2952AV
2285,84182,3009CD
2286,114,2665ZJ
2287,1159,3000BD
2288,11,2991LG
2289,1,3224HA
2290,3,3208KP
2291,300,1438AN
2292,1,3233LM
2293,26040,3002EA
2294,12,4762AE
2295,100,3145SZ
2296,75588,1118ZP
2297,207,4794AK
2298,27,2982BA
2299,32,3089JA
2300,42,3111PH
2301,5,3196KC
2302,14,3011KA
2303,33,3165AA
2304,123,3083ZH
2305,1,3161GM
2306,20,2993LE
2307,24,3133LA
2308,81,3087BM
2309,19,3069KW
2310,9,3223PP
2311,100,3190AC
2312,37,3233XK
2313,30,3336LE
2314,35,3342GE
2315,6475,4836LH
2316,19,6930AA
2317,32,3162XH
2318,8,2825AB
2319,550,3000AN
2320,1,2831XM
2321,1,3316AX
2322,73,3162TM
2323,7185,3000HD
2324,7403,3284ZG
2325,44,3011XS
2326,55640,3008DC
2327,1575,3000BN
2328,1575,3000BN
2329,23436,3001KK
2330,2,3165AL
2331,2,3194AP
2332,35,2665VK
2333,1,1437EP
2334,12,3088HH
2335,2,1118LK
2336,4143,2980GC
2337,4143,2980GC
2338,30,3355ES
2339,1255,3350CG
2340,59,4797HJ
2341,1159,3000BD
2342,153,1438AX
2343,458,2990AL
2344,4,3257AG
2345,29,5236SJ
2346,3,3133EB
2347,22,3218BJ
2348,81,3023JA
2349,97,3012KG
2350,61,3000AB
2351,22,3044AW
2352,87,3133AV
2353,110,3331MA
2354,15,2991LE
2355,2,4328PN
2356,80,2901RD
2357,15,2902BR
2358,2,3352XG
2359,24,4903RC
2360,4,2802AN
2361,24,2841EB
2362,68,2994LD
2363,29072,3001GB
2364,16,3194JX
2365,4170,3006AD
2366,52,2987VE
2367,668,3195ZH
2368,8048,3301CA
2369,3008,2980DA
2370,29,2132MT
2371,16,2987VD
2372,75,3079WC
2373,9634,3007AP
2374,2,3161WD
2375,20,3271VJ
2376,59041,3008PA
2377,39,3130AA
2378,37,3088GA
2379,37002,3005LA
2380,490,2900AL
2381,199,3054AE
2382,13,2771VN
2383,23,3315TX
2384,4,3342GR
2385,53,3196KH
2386,248,3067VC
2387,87,3133AV
2388,31,3115HA
2389,9,2991LG
2390,59146,3008PC
2391,66,2991VD
2392,8186,3009AD
2393,24,3363KH
2394,61,3088GB
2395,88,2991CN
2396,109,3341LW
2397,2,4791RN
2398,2,3291LT
2399,366,2983GR
2400,13,3274KK
2401,11,2911BL
2402,33,3335LR
2403,626,3195ZG
2404,14,3295PG
2405,70,3084CC
2406,70,3084CC
2407,83,3316AK
2408,6,3161ED
2409,16,3371RM
2410,66,3124VC
2411,240,3197KV
2412,1,3044AK
2413,133,3059XA
2414,109,3341LW
2415,3,3732HX
2416,88,1118LB
2417,11,3088HG
2418,12,2994LD
2419,73,3314TE
2420,53012,3008HA
2421,268,3311HK
2422,24210,3007DE
2423,12,3062RH
2424,150,3300AD
2425,59047,3008PA
2426,15,3281HA
2427,12,4871NV
2428,1,4791PB
2429,72,2992SR
2430,1159,3000BD
2431,1159,3000BD
2432,199,3054AE
2433,142,2950AC
2434,8,3059RP
2435,398,3340AJ
2436,19,3371XA
2437,1,2802AC
2438,22,4424NC
2439,16,3162RB
2440,150,3331MA
2441,2,2969CC
2442,102,3233AH
2443,22,3465KE
2444,68,2804NV
2445,12,3088HH
2446,41,3194AA
2447,43,3055PB
2448,27,3252LA
2449,8542,3009AM
2450,359,3125BJ
2451,39,3088GB
2452,13,3088GN
2453,101,3330AC
2454,95,3132GM
2455,15,2902BR
2456,84,2678HA
2457,12,3088HH
2458,15,1118LA
2459,15,2908LT
2460,63,3044CJ
2461,439,3340AK
2462,1,3161GM
2463,3,4652GE
2464,7,3195ND
2465,58,3284KT
2466,23,3011SK
2467,10,2964LE
2468,234,3330AE
2469,12,2994LA
2470,307,3340AH
2471,15,3087BG
2472,39,3130AA
2473,412,3353SG
2474,1159,3000BD
2475,1159,3000BD
2476,13,3255AP
2477,1,2935WV
2478,18,3171PJ
2479,72,2992SR
2480,26,3297LC
2481,59069,3008PB
2482,21,8071JG
2483,37,3248BA
2484,34,3371HJ
2485,45,3088HE
2486,101,3181XK
2487,28,3208KJ
2488,3,4941TA
2489,136,3354VD
2490,11,3361CG
2491,2,2991EM
2492,41,3088GB
2493,39,3088GB
2494,37,3089KA
2495,48,3241DC
2496,3230,5902RE
2497,46,3016BC
2498,28,3291CE
2499,768,3170AB
2500,29,3194AR
2501,149,3271KB
2502,35,2904SE
2503,33,3034BB
2504,11222,3004EE
2505,116,3063GD
2506,72,3084CC
2507,57,3088GB
2508,24,3088HE
2509,1,3252AH
2510,228,2986VR
2511,466,3331LK
2512,466,3331LK
2513,18,3328DA
2514,119,3341LW
2515,54562,3008KB
2516,49,3161LV
2517,61,3031BB
2518,2,4791RN
2519,199,3161PG
2520,199,3161PG
2521,50,1119PE
2522,50,1119PE
2523,252,2950AG
2524,2,3261KN
2525,39,3088GB
2526,21,3342GT
2527,12,3233LK
2528,401,3364DK
2529,11,2351CL
2530,466,3331LK
2531,27,3072HV
2532,20,5253CA
2533,613,3065SC
2534,30089,3001DB
2535,10,3261SX
2536,466,3331LK
2537,1512,1430BM
2538,8,3232HE
2539,3,3255NB
2540,48,3207RC
2541,2,3088HH
2542,1,3087AM
2543,12,3113AR
2544,95,2901TA
2545,57608,3008BP
2546,12,3194WN
2547,595,2741PT
2548,29,3262AA
2549,170,3220AD
2550,26,1339CA
2551,190,3197KV
2552,17,2901EP
2553,14,2990AA
2554,91,3081NG
2555,269,3190AG
2556,830,3032AL
2557,12,4871NV
2558,12,4871NV
2559,466,3331LK
2560,16,3115HB
2561,24,2984AG
2562,39,3130AA
2563,41,3194AA
2564,54022,3008JA
2565,167,3316GZ
2566,38,2914BN
2567,27,2986BG
2568,138,3353GW
2569,559,2287AJ
2570,3,2583CL
2571,57,3134ZB
2572,85680,2508CJ
2573,38,2583DK
2574,10,2267BE
2575,90,2525NE
2576,3,2583CL
2577,43,2548JE
2578,20,3134KL
2579,2,2514HP
2580,72,2525EL
2581,52,2153PL
2582,41,3194AA
2583,50,2595AR
2584,6,8331VA
2585,27,2723AK
2586,37,2242VR
2587,9,2492LX
2588,416,2501CK
2589,25,2242RD
2590,71,2583JV
2591,5,4709RM
2592,15,2291PA
2593,6,2627BP
2594,86,3481HG
2595,57,2625NV
2596,24,2492LN
2597,14,3077AL
2598,17,3151ZJ
2599,520,2675ZT
2600,117,2675ZJ
2601,40,3071NB
2602,20,2641KC
2603,19,2728GC
2604,80,3029AK
2605,38,8311PP
2606,7009,6801HA
2607,2,9200AA
2608,4,2641ST
2609,7776,1118ZM
2610,20,3088GN
2611,6038,4780LA
2612,136,2678ZJ
2613,13,2641KP
2614,19,2988AT
2615,6038,4780LA
2616,7142,2701AC
2617,151,3198LS
2618,11,1115GW
2619,196,3140AD
2620,5,2295NN
2621,20,3197LE
2622,6,2622JZ
2623,208,2665ZL
2624,85,3089JD
2625,1,5256PK
2626,22,2719JX
2627,20,3197LE
2628,30,2516BD
2629,484,1060TT
2630,51,3155GL
2631,31,2641KS
2632,131,2712XK
2633,37,2574KC
2634,45,2665KN
2635,3008,2700KS
2636,18,2548SH
2637,18,2631WL
2638,60,2718SG
2639,105,2651LG
2640,11,2266NA
2641,20,2641KC
2642,1,2908LH
2643,49,2651KR
2644,101,2909LE
2645,14,2545WE
2646,12,2406XL
2647,14,2522EP
2648,7,2493ZV
2649,23,1019RL
2650,252,2526VL
2651,434,2525WV
2652,12,3113AR
2653,12,3113AR
2654,11,2266NA
2655,11,2266NA
2656,4,2241WJ
2657,83,2497NB
2658,5,3237MB
2659,76,2627AN
2660,9,2722NH
2661,252,2676LV
2662,16,2493WB
2663,35008,3005DA
2664,10,2665KN
2665,175,2670AD
2666,9,2671ZN
2667,9,2492WE
2668,4,3045PV
2669,46,2282XV
2670,71,2676LS
2671,176,2665KH
2672,65,2718RD
2673,221,2511BP
2674,132,2583DX
2675,35,2678BA
2676,246,2300AE
2677,44,2671AS
2678,24,2675WX
2679,7,2295RH
2680,69,2210AB
2681,11,2671HW
2682,9,2404CB
2683,7,2691AX
2684,26,3085KA
2685,39,2496XW
2686,163,2665ZK
2687,263,2400AG
2688,8,2161LE
2689,948,2136NH
2690,77,3087BM
2691,44,2291RL
2692,305,1118BJ
2693,135,3047AT
2694,5,2722PX
2695,18,2405CK
2696,14,2512PA
2697,8,2691NL
2698,32,2692CM
2699,211,1013AP
2700,160,2593VP
2701,13,2231MJ
2702,9,3155CA
2703,5,2651KN
2704,431,2676LV
2705,1063,1430BB
2706,207,2160AE
2707,10,2678PS
2708,3,1118EC
2709,1,2525KC
2710,108,2712XP
2711,393,2571PN
2712,105,2273GR
2713,63,5047SE
2714,3,5925BN
2715,61619,2506AP
2716,30,2678PT
2717,4,2275CH
2718,24,2321GK
2719,2,2716BX
2720,12,2390AA
2721,3,2731BR
2722,46,2170AA
2723,23,2382NS
2724,4,2353KN
2725,1016,2340BA
2726,7,2181AK
2727,5,2421LR
2728,45,2180AA
2729,30,2182BM
2730,3138,2220CC
2731,354,2400AJ
2732,51,2451BB
2733,4,2181HA
2734,1,6628KB
2735,28,2481AE
2736,4,2311VW
2737,210,2180AE
2738,45,2420AA
2739,274,2200AG
2740,58351,1040HJ
2741,68,2404HN
2742,95,2450AB
2743,21,2311PK
2744,354,2400AJ
2745,274,2200AG
2746,432,5500AK
2747,35,2381LR
2748,207,2160AE
2749,2,2222AV
2750,31,2251TN
2751,204,3200AE
2752,354,2400AJ
2753,10,2171TW
2754,700,3083AS
2755,15,2221WC
2756,32,2403EX
2757,179,2170AD
2758,132,1111RN
2759,10,1187ZZ
2760,274,2200AG
2761,5,2382EJ
2762,5,2382EJ
2763,72,2401MZ
2764,68,2352XN
2765,32,2315SR
2766,2193,2400CD
2767,14,2771CE
2768,40,2406KT
2769,7,3565CK
2770,13,2742RB
2771,63,2211WH
2772,274,2200AG
2773,2,2461EM
2774,224,2250AE
2775,4,2411NH
2776,15,2396ZG
2777,10,2411PR
2778,138,2353DW
2779,2,4814DB
2780,117,2371BT
2781,3,2771AE
2782,3,2408ZC
2783,38,2408AN
2784,6,2315SR
2785,77,3087BM
2786,63,2211WH
2787,10,2731BR
2788,30,2771DA
2789,321,2270AH
2790,30,1118LD
2791,98,2371DH
2792,254,3011XZ
2793,11,2182DV
2794,109,2160AC
2795,9,2405CC
2796,91526,2509EC
2797,31,1118EE
2798,12,2235DK
2799,42,2201GN
2800,121,2861AN
2801,2,2820AA
2802,7,2770AA
2803,73,2941AS
2804,2523,2940AA
2805,22,4175ZG
2806,2,2820AA
2807,2,2820AA
2808,389,2740AJ
2809,595,2741PT
2810,14,2913LP
2811,22,2742LC
2812,1,2802AE
2813,194,2665LE
2814,232,3067GJ
2815,91,2860AB
2816,6,2914KK
2817,109,1520AC
2818,11,3165AA
2819,220,2910AE
2820,27,2931LC
2821,14,2771CE
2822,91,2860AB
2823,15,1687ZG
2824,85181,3009MD
2825,5,2964LE
2826,11,2742RB
2827,37,3088EC
2828,45,2931LC
2829,16,3545NJ
2830,23,3738EV
2831,18,3991BR
2832,5,3401MX
2833,14,3417XS
2834,79,3602AJ
2835,7,4940AA
2836,45,3417ZG
2837,273,2740AG
2838,47,3474HS
2839,4,3903LJ
2840,66,3434KW
2841,45,3417ZG
2842,1,3439MX
2843,193,3921AE
2844,44,3620AA
2845,23,4704RG
2846,1,3821BR
2847,2,7554TS
2848,413,5600AK
2849,25,1047HG
2850,42,3903WH
2851,19,3905NA
2852,95,3411EG
2853,53,6661KC
2854,1,3528BA
2855,12,3901HA
2856,142,5060AC
2857,91,3543AC
2858,9,3961TJ
2859,36,1396JM
2860,40226,3504AA
2861,9696,1006GD
2862,8449,3503RK
2863,24,3620AA
2864,36,3411JG
2865,10,8263CB
2866,22,3641SB
2867,76,3433DJ
2868,98,3981AS
2869,81,3958CB
2870,4,3446CC
2871,10000,3505AA
2872,626,8440AP
2873,2,6131AS
2874,61,6412AA
2875,27,6221BT
2876,5,6512AA
2877,8,6041GN
2878,2,6131AS
2879,1,5913AA
2880,12,3901HA
2881,11,8271RA
2882,8,3454TT
2883,30,3403NJ
2884,213,1118AV
2885,35,3906BA
2886,8,3821BR
2887,9,3734GG
2888,31,7963RS
2889,5,3634AA
2890,90,3401NZ
2891,224,3523VR
2892,15,3904HG
2893,26,6581WZ
2894,57,3525VN
2895,7,8211AA
2896,411,3440AK
2897,4,3602AE
2898,11,3602AG
2899,107,3640AC
2900,20,4050EA
2901,10,3738DE
2902,19,3411AX
2903,8,3903CP
2904,543,3000AM
2905,7584,1118ZH
2906,40116,6504AC
2907,2,3437VA
2908,45,1391SL
2909,224,3400AE
2910,86,5480AB
2911,12,3439LC
2912,2,3411WS
2913,19,6921RE
2914,66,3632WJ
2915,12,3953BR
2916,14,3461EA
2917,35,3454CL
2918,21,3410CA
2919,6,3411CD
2920,50,3911VE
2921,73,3411AR
2922,25,4122GJ
2923,48,3825EM
2924,21,7587RM
2925,17,4131NR
2926,32,3832RC
2927,51,4817BL
2928,51,4817BL
2929,51,4817BL
2930,51,4817BL
2931,4,3751LS
2932,43,3971MB
2933,131,3513AD
2934,76,3981VC
2935,38,3011BM
2936,16,3648NM
2937,2,3446BM
2938,25,3053JD
2939,6,9930AA
2940,6,9930AA
2941,224,3905LT
2942,1625,3600BP
2943,5,3442AG
2944,5,3417EV
2945,71,3526KT
2946,369,3405CM
2947,12,3903AZ
2948,159,3970AD
2949,98,3527KR
2950,14,3905TG
2951,40116,6504AC
2952,179,1101CN
2953,86,5480AB
2954,20,6199AB
2955,5,3832KP
2956,19,4561BE
2957,58,3451ZC
2958,20,4124BC
2959,8,3993DV
2960,4,5951DL
2961,111,3454EK
2962,46,3454CR
2963,22,3738CR
2964,23,1118LA
2965,63,3044CJ
2966,12,3439LC
2967,66,3972TC
2968,2,4143HM
2969,122,3405BG
2970,2,5317JX
2971,33,3446ZW
2972,21,4126RT
2973,1,3402AS
2974,28,4023AB
2975,54,3971AC
2976,24,3297VA
2977,255,3523PH
2978,7,5321HH
2979,33,3534AM
2980,20,4050EA
2981,18,3515XL
2982,33,4004LK
2983,63,3947MB
2984,7,3433PH
2985,4,4126RC
2986,20,3421TV
2987,4,3621NS
2988,5,6629AM
2989,111,6657AR
2990,75,4041EA
2991,85,6658BC
2992,34,3992LS
2993,11,3704HA
2994,51,3972RK
2995,29,3903KE
2996,3,3481LK
2997,80,3931MT
2998,5,4004JM
2999,44,3927GG
3000,51,2723RB
3001,1,6612AE
3002,54,3752HC
3003,9300,6800SB
3004,164,3791PM
3005,700,3083AS
3006,19,1394AS
3007,10,1394ZG
3008,41,1272ER
3009,17,1216BC
3010,12,1243HV
3011,29,7325WZ
3012,68,1380AB
3013,24,3762EC
3014,16,8102CC
3015,42,3454PE
3016,117,3800AC
3017,9,3927GG
3018,76,6545AG
3019,47,6716BZ
3020,2,3927CN
3021,30,3741WD
3022,100,3765ES
3023,9,3821BN
3024,10,3897AC
3025,22,1251LL
3026,47,6716BZ
3027,38,3755BB
3028,23,1394AS
3029,23,1394AS
3030,62,3899AW
3031,21,3927GG
3032,124,1071PL
3033,9,5916PJ
3034,23,1401GC
3035,24,3762EC
3036,34,1412GP
3037,1,6211GZ
3038,163,1223JE
3039,62,3743KM
3040,11,2722NA
3041,25,1394AC
3042,2677,3800GE
3043,34,1276AC
3044,20,3862JG
3045,36,1101AH
3046,1,4131PD
3047,8,3925RJ
3048,116,3953MJ
3049,42,3823GA
3050,2,4751XK
3051,177,1400AD
3052,14,3755BS
3053,47,6716BZ
3054,5,3743BK
3055,27,3861RJ
3056,2908,3800GK
3057,37,1250AA
3058,72,1338CC
3059,33,3454PJ
3060,14,8231KD
3061,24,1338TK
3062,1,8255JG
3063,1,8255JG
3064,30,3861LH
3065,64,1213XE
3066,13,3812GZ
3067,39,8243PG
3068,10,1047BJ
3069,184,1506EK
3070,10,1047BJ
3071,58417,1040HK
3072,12183,1100AD
3073,183,2106MH
3074,4,1042AS
3075,124,1078EN
3076,59345,1040KH
3077,409,1000AK
3078,409,1000AK
3079,5,1047HN
3080,1030,3160AE
3081,58417,1040HK
3082,10,1044AB
3083,58417,1040HK
3084,7614,1118ZJ
3085,1341,3260AH
3086,20616,1001NP
3087,12,3165AD
3088,22,1013BL
3089,35,1047BP
3090,243,1118AV
3091,2,3261KN
3092,115,8254KB
3093,1,1046AW
3094,9078,1180MB
3095,3,1047BE
3096,7,1083HJ
3097,64,2121VK
3098,67,1500EB
3099,12,1079WC
3100,80,1047HM
3101,19,1031CD
3102,20,2661CP
3103,5,1101EZ
3104,18,1111VL
3105,4,1042AB
3106,100,1047HM
3107,52,2987VE
3108,54142,3008JC
3109,18,1432JH
3110,8581,1005AN
3111,207,1213TR
3112,16313,2500BH
3113,5045,3008AA
3114,10,1044AB
3115,2,4814DB
3116,28,1191AC
3117,28,1191AC
3118,110,1112AP
3119,261,1024KM
3120,23393,1100DW
3121,28,1191AC
3122,1,3161GR
3123,11,1424LD
3124,32,5222AL
3125,48,1013BM
3126,8,3016DE
3127,526,1023BX
3128,116,1051LJ
3129,1,6598MH
3130,21,5928SJ
3131,37,1119NG
3132,409,1000AK
3133,409,1000AK
3134,13000,1100KG
3135,444,1017BZ
3136,80,1047HM
3137,17,1046AR
3138,80,1047HM
3139,4,1059VM
3140,110,1118AS
3141,2,5928LH
3142,36,1042AA
3143,803,3160AA
3144,12,7207GL
3145,112,1066ML
3146,249,1432CM
3147,1,1118EC
3148,50,3194AB
3149,124,1011AB
3150,4,1045AL
3151,95,1112AW
3152,8,4131NJ
3153,2599,1000CN
3154,2,8411WK
3155,71389,1008BJ
3156,1431,1077XX
3157,371,1508WN
3158,105,1042BB
3159,570,3100AN
3160,524,3190AL
3161,42,1420AA
3162,14,4184EW
3163,333,1077XX
3164,1,1383HT
3165,445,1620AK
3166,28,1191AC
3167,36,1042AA
3168,1,1042AA
3169,50131,1305AC
3170,4,1042AS
3171,169,2400AD
3172,3435,5902RK
3173,125,1056RC
3174,1431,1077XX
3175,44,1942AR
3176,21,1014BA
3177,553,1023BS
3178,168,1013HB
3179,99456,6920ND
3180,99456,6920ND
3181,99456,6920ND
3182,99456,6920ND
3183,99456,6920ND
3184,87,1541AN
3185,46,1505HH
3186,30,5341GM
3187,271,1432KB
3188,63,3088GB
3189,75767,1118ZX
3190,19,1033SN
3191,13,1054AH
3192,12160,1100AD
3193,504,1970AM
3194,1,1972LV
3195,1,1118DT
3196,233,1940AE
3197,31,1013BE
3198,7503,1118ZG
3199,13,1175RB
3200,126,1077XV
3201,24,4501BD
3202,59,1940AB
3203,39,1975AG
3204,6,5657ES
3205,32,6199AD
3206,17,1437EK
3207,42,5048AZ
3208,495,3016DR
3209,17,1437EK
3210,7628,1118ZJ
3211,25,
3212,7545,1118ZG
3213,2,1118DS
3214,35,1942ES
3215,66,4880AB
3216,71,1119MD
3217,100,1781AR
3218,1,1118EA
3219,59180,3008PD
3220,7652,1118ZK
3221,75569,1118ZP
3222,202,1118LN
3223,327,1171VC
3224,909,1780AX
3225,2,1118EB
3226,75585,1118ZP
3227,7784,1118ZM
3228,1,4782SM
3229,12031,3004GA
3230,42,1118LB
3231,121,2150AC
3232,400,1940AK
3233,59,1940AB
3234,36,2156LE
3235,1148,1430BC
3236,202,1118LN
3237,42,1118LM
3238,6,2131GK
3239,59071,3008PB
3240,7567,1118ZH
3241,2,8171MB
3242,118,9207JD
3243,12022,3004GA
3244,142,2230AC
3245,1,1118CL
3246,26,1117BC
3247,47,1118DT
3248,7547,1118ZG
3249,337,7524PT
3250,5,5684PB
3251,20,5913AE
3252,38,2150AA
3253,103,2406BE
3254,18,6199AB
3255,127,3300AC
3256,63,9765ZH
3257,75533,1118ZN
3258,2750,5657DZ
3259,27,3088EA
3260,44,1118LM
3261,7636,1118ZJ
3262,54505,3008KA
3263,7644,1117ZJ
3264,9,7270AA
3265,42,1012DP
3266,7589,1118ZH
3267,17,8932HL
3268,6,5234GM
3269,31,1118EE
3270,20704,1001NS
3271,7652,1118ZK
3272,31,2133JN
3273,75653,1118ZS
3274,22,2984BT
3275,8,1119ME
3276,2,1118DS
3277,16,1047HP
3278,237,2980AE
3279,75622,1118ZR
3280,20,1483GB
3281,9088,3007AB
3282,53,2645BS
3283,8,2111TB
3284,7,5928PE
3285,101,1118DP
3286,13000,1100KG
3287,27,6191NC
3288,4,9301ZS
3289,32,7327AC
3290,18,3542AV
3291,78,1118LB
3292,59063,3008PB
3293,43,2101JB
3294,1,2153PL
3295,1,2153PL
3296,79,1171GJ
3297,38,1118LD
3298,17,1171WN
3299,303,1171VC
3300,8,4131NJ
3301,11,1119NT
3302,25,1118DT
3303,17,1948ND
3304,219,1438BG
3305,11,3195ND
3306,54113,3008JC
3307,54113,3008JC
3308,250,1101BV
3309,1,1118EC
3310,235,2135JZ
3311,524,2150AM
3312,2,2134XN
3313,75036,1117ZN
3314,10,1681NN
3315,34,2211JT
3316,3,1971KM
3317,75625,1118ZR
3318,272,2990AG
3319,1,1437EL
3320,23,1911MP
3321,7,1948AB
3322,1,1851EE
3323,66,4380AB
3324,54261,3008JG
3325,3,1951NK
3326,4,1976CB
3327,5,3199LS
3328,250,3088GD
3329,4,1118DS
3330,469,2685DE
3331,90,6199AD
3332,11,6045GX
3333,57,5657EA
3334,292,5050AG
3335,3,6075NL
3336,6,6045JL
3337,75115,1117ZR
3338,292,5050AG
3339,9,5928LH
3340,22,5928LE
3341,48,5928SC
3342,28,5928LE
3343,1,6045GW
3344,26,5928LE
3345,5,6075NL
3346,12,1118LB
3347,34,1118LM
3348,1,1566AW
3349,7776,1118ZM
3350,273,1435CJ
3351,1,1118CL
3352,46,1118CL
3353,96,5750AB
3354,87,1161BW
3355,35,6191SB
3356,1,1175RB
3357,685,1435BZ
3358,34,2041CZ
3359,524,2150AM
3360,8,1118EE
3361,346,1970AH
3362,34,1262AC
3363,251,1940AG
3364,50,9521AT
3365,35,2191AC
3366,7,1119NN
3367,42,1121MB
3368,622,2675ZW
3369,7776,1118ZM
3370,7776,1118ZM
3371,155,2033WK
3372,108,2130AC
3373,12,5657EN
3374,2,1976BS
3375,27,1118CB
3376,19,1433NC
3377,766,2132NM
3378,75166,1117ZS
3379,544,3190AL
3380,213,1119PD
3381,4,4782PP
3382,31,2131HB
3383,210,2180AE
3384,16,1976AC
3385,100,1047HM
3386,322,1430AH
3387,9,1438BA
3388,9,1438BA
3389,524,2150AM
3390,5322,3008AH
3391,7535,1117ZG
3392,2,6902KG
3393,57,2391AB
3394,34,1943DE
3395,368,5000AJ
3396,585,2132NA
3397,20,2132MR
3398,17,2161LE
3399,18,2992LA
3400,152,3522JB
3401,80,1047HM
3402,58,1402NV
3403,8215,1005AE
3404,10,1044AE
3405,91,1435CH
3406,173,1940AD
3407,19,2675AM
3408,248,2132BH
3409,31,1541GH
3410,83,3087BM
3411,15,1019BT
3412,41,1069CD
3413,21,1118CB
3414,11,2311GN
3415,575,4600AN
3416,79,1213TM
3417,2,3905NN
3418,27,1019BR
3419,15,1014AR
3420,17,1432JH
3421,38,1118LD
3422,9,1391JP
3423,460,1072MG
3424,4,1181VX
3425,426,1940AK
3426,30,5271RS
3427,73,1462HD
3428,105,1119PA
3429,38,1118LD
3430,6,8771KE
3431,17,1118DT
3432,2,2131HG
3433,1216,1430BE
3434,7618,1118ZJ
3435,56,1061WB
3436,7776,1118ZM
3437,61,1067JB
3438,12,2132VZ
3439,80,1047HM
3440,40,6681LN
3441,2650,1967DD
3442,7,2153GB
3443,2135,2002CC
3444,130,1057BH
3445,42,1326MB
3446,40,1103GH
3447,3116,2130KC
3448,152,1438AX
3449,107,1111GM
3450,24,1187VX
3451,709,1115TT
3452,2253,1000CG
3453,89,4630AB
3454,35,3197KM
3455,2,1437EL
3456,50,3194AG
3457,164,9541LE
3458,10,1044AB
3459,9691,2003LR
3460,212,1975BJ
3461,204,1186RL
3462,24,1121DJ
3463,2,1047HS
3464,96,2135VA
3465,409,1000AK
3466,14,1046AG
3467,31,1043BK
3468,52,1721AL
3469,2227,1500GE
3470,20547,1001NM
3471,2,1047BJ
3472,14,1047BE
3473,152,1438AX
3474,20,1948AP
3475,152,1438AX
3476,1,4927RL
3477,63,1119MD
3478,120,1043EJ
3479,37,1014BA
3480,9,1566JN
3481,53130,3008HC
3482,1,5321JA
3483,101,7322BC
3484,1,2153NB
3485,17,1432JH
3486,26,2132MS
3487,333,1077XX
3488,333,1077XX
3489,333,1077XX
3490,333,1077XX
3491,333,1077XX
3492,29,1094EA
3493,61,2132PX
3494,75572,1118ZP
3495,36,1521PS
3496,1323,1430BH
3497,12,9747AN
3498,33,5651GK
3499,1042,1430BA
3500,24,3088KA
3501,300,1438AN
3502,87,1121JA
3503,1,3161GR
3504,56,1118LB
3505,1,3161GR
3506,608,1437EJ
3507,2,1118DX
3508,1,1118EC
3509,68,1060RT
3510,1,2152CS
3511,31,2131HB
3512,20641,1001NP
3513,11063,1001GB
3514,23393,1100DW
3515,23393,1100DW
3516,16,1562AX
3517,16,1562AX
3518,46,1505HH
3519,50,1118LE
3520,893,3000AW
3521,75614,1118ZR
3522,901,1077XX
3523,4,2132RX
3524,30,1118LD
3525,193,1077AW
3526,1,3417XT
3527,665,1181WN
3528,25,1118DT
3529,57,2105MD
3530,30,1441RG
3531,6,1046AT
3532,92,1433JV
3533,12,3526XS
3534,12632,1100AP
3535,15,1118DN
3536,62,9731DN
3537,60,2211TE
3538,38,1521PS
3539,13,1181LE
3540,42,1121HR
3541,70,1096AH
3542,151,1951MB
3543,13,1181LE
3544,10,1733AC
3545,41,2042TR
3546,979,2136LL
3547,24,1433AS
3548,351,1432EA
3549,48,9365PE
3550,1136,1103JV
3551,62,3021BP
3552,351,1053EX
3553,3,2132ME
3554,106,1325EN
3555,45,1118EE
3556,3,2132ME
3557,18,1472GA
3558,152,1117BG
3559,109,1042BB
3560,4,2153PD
3561,1201,1077XX
3562,27,1431JD
3563,15,1081AD
3564,22,1606MN
3565,33,3115JB
3566,33,3115JB
3567,1168,3840BD
3568,216,2130AE
3569,155,2132MX
3570,13,1181LE
3571,148,1111LL
3572,42,1121HR
3573,37,6075NL
3574,80,1118LB
3575,55,1456NG
3576,10,1437EN
3577,39,1973PA
3578,55,1118EG
3579,29,1161AC
3580,681,2130AR
3581,158,1117BG
3582,2501,3170BA
3583,7,4191PD
3584,75685,1118ZS
3585,1,1118EC
3586,226,1025SW
3587,32,1171DP
3588,6,1817MJ
3589,213,1119PD
3590,35,6199AM
3591,362,2082VR
3592,47,6105AR
3593,121,3114GC
3594,111,3047AT
3595,48,2132MR
3596,48,1014AN
3597,57,1082SW
3598,197,2152KL
3599,1,2153NB
3600,61,6811HC
3601,5,1101EZ
3602,188,2150AD
3603,173,1940AD
3604,54143,3008JC
3605,41,1119NW
3606,31,1118EE
3607,871,2143CC
3608,196,2131GP
3609,18,1107PZ
3610,46,1105AL
3611,2,2132MR
3612,255,1435CJ
3613,149,1431VL
3614,26,1118LB
3615,110,1119PP
3616,21,1014BA
3617,300,1438AN
3618,37002,3005LA
3619,30,1948PV
3620,30,1948PV
3621,51,2135GT
3622,14,1033NW
3623,20,2025ZJ
3624,426,1186NJ
3625,23393,1100DW
3626,5,2153PH
3627,17,1187KT
3628,13,1181LE
3629,4,1976BR
3630,16,1521RC
3631,24,1945ZL
3632,37,3207DC
3633,139,1165MK
3634,11,2132MT
3635,22,1606MN
3636,22,1606MN
3637,66,4380AB
3638,292,1940AG
3639,7,9871PA
3640,3,1951NK
3641,37,2141XJ
3642,94,1423CN
3643,13,1054PP
3644,16,1078RK
3645,80,1047HM
3646,21,2132JH
3647,46,1181WB
3648,43,1107BW
3649,43,1107BW
3650,335,1963AZ
3651,75625,1118ZR
3652,22,1948RM
3653,2,1119NL
3654,19,3089JH
3655,1,1044AM
3656,30,1504NB
3657,1,1696AJ
3658,148,1970AC
3659,40,1991HK
3660,1,1119NN
3661,15,2435NS
3662,203,2152KL
3663,79,1944NK
3664,12,2151RE
3665,14,2132KZ
3666,266,1102CN
3667,10,2595AA
3668,1,1437EP
3669,10,1525RB
3670,175,1175KV
3671,103,1064HM
3672,46,1316AJ
3673,168,1217SZ
3674,431,1108CL
3675,1,1046AH
3676,19,1069KB
3677,150,1970AD
3678,150,1970AD
3679,19,1187ZM
3680,211,1118BH
3681,115,1183EK
3682,43,1187SG
3683,362,2082VR
3684,146,1051AM
3685,27,1500EA
3686,2,1540AA
3687,8,1505HK
3688,4,3196KG
3689,34,3439JJ
3690,17,1521NC
3691,26,2982CM
3692,61,1960AB
3693,56,1521RG
3694,49,1911AG
3695,116,1628WE
3696,67,1645TB
3697,23,1041AB
3698,83,1689AD
3699,6,1135RD
3700,5,1627LB
3701,5,1131KB
3702,8803,1006JA
3703,150,1704VX
3704,41,1608EL
3705,18,1687WG
3706,27,1135KX
3707,156,1014ZP
3708,51,1688CL
3709,23,1827AP
3710,5,1447NB
3711,3,1760AA
3712,46,1704SB
3713,8,4906CW
3714,74,1862KN
3715,63140,3002JC
3716,4,1861TM
3717,47,1843JL
3718,2,1731LX
3719,909,1780AX
3720,6,1779CK
3721,16,1851PX
3722,5,1862EC
3723,22,1827RK
3724,70,1747HE
3725,38,1483EB
3726,17,3232CK
3727,446,1800AK
3728,10,1786PP
3729,5,1786PD
3730,13,9979XW
3731,19,1976EC
3732,22,1781AC
3733,150,1800AD
3734,15,1731LN
3735,339,1647MT
3736,153,1676GK
3737,22,1747SG
3738,16,1720AA
3739,48,7555GT
3740,112,1130AC
3741,117,1749XM
3742,2,1633GR
3743,590,1780AN
3744,66,1822BZ
3745,75588,1118ZP
3746,20,1047BM
3747,1005,1810KA
3748,3,1786PB
3749,111,3840AC
3750,75588,1118ZP
3751,35,1102SR
3752,22,1654JK
3753,1,3165AA
3754,12,1119NR
3755,7,1689AH
3756,3053,1620GB
3757,28,1679WE
3758,304,1764ZG
3759,29,1901PM
3760,168,1811CP
3761,5,1633JA
3762,3,1463HA
3763,32,1616AK
3764,47,1613EP
3765,23,1814GS
3766,89,1602CB
3767,38,1118LD
3768,13,1628XJ
3769,9,1616GR
3770,24,1906HD
3771,12,1446TA
3772,30,1732LE
3773,33,1689AK
3774,12,1446TA
3775,97,1689WH
3776,100,1047HM
3777,12,1723AL
3778,15,1687ZG
3779,1,4004LV
3780,14,4191NZ
3781,23,1715HH
3782,30,1704XC
3783,4,1721JA
3784,263,1792CJ
3785,2,1827NH
3786,5,8102PD
3787,62,7450AB
3788,5,7418EL
3789,89,8100AB
3790,63,8131PD
3791,26,3861PG
3792,14,3899BK
3793,28,3849RN
3794,29,3849RL
3795,7,8211AA
3796,7,4903RJ
3797,58,3198LE
3798,52,2680AB
3799,16,1352CB
3800,537,1437EG
3801,63,8071CL
3802,1,1437EP
3803,142,4700AC
3804,14,4706PK
3805,336,8200AH
3806,26,3890AA
3807,56,1352BG
3808,58,1318BW
3809,146,7602KE
3810,2533,2940AA
3811,94,1131ET
3812,17,7944CE
3813,7,4021CL
3814,35,1332BJ
3815,154,3890AD
3816,81,8243XZ
3817,17,8320AA
3818,18,3892AG
3819,50,1322AS
3820,14,3891ED
3821,117,1338JS
3822,20,3176PD
3823,15,8322CV
3824,16,8322EK
3825,48,1119NZ
3826,10,4906CG
3827,2,3199LR
3828,9,4104AC
3829,1288,3890BB
3830,1288,3890BB
3831,1288,3890BB
3832,7,3195ND
3833,4,8255RJ
3834,10,8251NL
3835,69,1335EZ
3836,321,8239DC
3837,43,7601PH
3838,59,6865ZH
3839,5700,3008AS
3840,2,3831DT
3841,4,1185JD
3842,40,1326TS
3843,31006,6503CA
3844,50,2967GC
3845,2,4703RE
3846,45,3200AA
3847,45,3024BK
3848,5,5861EH
3849,23,1902SK
3850,367,1970AJ
3851,4,4416PK
3852,20,2993LD
3853,352,2273RL
3854,40,3335LR
3855,71,1607CW
3856,69,7451SL
3857,20,5928LC
3858,264,3331ML
3859,75119,1117ZR
3860,38,1118LD
3861,300,1438AN
3862,41,3088GB
3863,145,4870AC
3864,15,3197LG
3865,134,3012NC
3866,10,5455GE
3867,8,3381LN
3868,10,2991LK
3869,1,5707HN
3870,1,3906AX
3871,39,1067MG
3872,35,3194DH
3873,610,1069EE
3874,13,6213JK
3875,10,5928PN
3876,42,7461TW
3877,37,3089KA
3878,18,5916PH
3879,23,3791VE
3880,15,3197LG
3881,54142,3008JC
3882,83,3063NH
3883,1063,2410CB
3884,11,5045KV
3885,268,3331ML
3886,1,3207KJ
3887,100,4381BX
3888,36,3904HP
3889,13,7541ZJ
3890,6,5048CB
3891,33,3295KG
3892,105,1092KL
3893,40,7825AC
3894,625,3011XZ
3895,252,1900AG
3896,15,1681PG
3897,39,3053JR
3898,7,6191XL
3899,48,3161KG
3900,28,6081BL
3901,28,6081BL
3902,23,5321GW
3903,74,2729AT
3904,43,1187SG
3905,84,3197LH
3906,1159,3000BD
3907,56,3067MR
3908,16,2678KB
3909,40116,6504AC
3910,19,4301XZ
3911,1,2761EH
3912,592,3063KL
3913,2,5321JJ
3914,15,1111AZ
3915,2,3449JA
3916,130,3012NC
3917,72,4940AB
3918,104,5056ZJ
3919,20,1047BM
3920,31,4510AA
3921,3000,4200EA
3922,7,8075ZG
3923,751,3131KX
3924,58,4930AB
3925,21,3011GK
3926,60,3026TV
3927,28,3077AL
3928,1488,9701BL
3929,11,4561XZ
3930,54,2731BM
3931,5,9738AM
3932,1447,9701BK
3933,28,4793RV
3934,361,3925CB
3935,27,4707BN
3936,8,7323HZ
3937,22,2991LN
3938,21290,3001AG
3939,23,2984BE
3940,7,4254ZG
3941,81,3011EM
3942,19,2318XJ
3943,10000,3505AA
3944,15,2992LA
3945,159,3072NB
3946,9,2402WC
3947,3,5048AS
3948,199,1118BG
3949,40,2152HE
3950,136,6004HT
3951,40,3071NB
3952,6041,4836LA
3953,20,2665MT
3954,3,3207ZE
3955,8,9979XJ
3956,59063,3008PB
3957,1050,1430BB
3958,5,4791VC
3959,1,1696AJ
3960,17,7534KE
3961,170,3220AD
3962,16,2717BZ
3963,15,1183GX
3964,271,3031BB
3965,62,3341LJ
3966,63,2910AB
3967,20,1023XH
3968,13,1161VX
3969,48,5170AA
3970,14,3203BK
3971,48,8309CA
3972,1,9693AB
3973,103,2801KG
3974,36,3192WE
3975,10,1972PW
3976,29,3262AA
3977,47,1432CG
3978,10,4387AK
3979,11063,1001GB
3980,43,5644EP
3981,46,3194DJ
3982,93,1042BA
3983,10,3197KC
3984,5,3565CH
3985,655,2131LN
3986,43,4691DB
3987,8,3255XN
3988,1,6931SG
3989,8,5014SJ
3990,1331,3430BH
3991,6475,4836LH
3992,6475,4836LH
3993,154,4624XN
3994,5,6905BH
3995,51,1741BV
3996,1126,1967DA
3997,13,1437EK
3998,111,2132LS
3999,18,8914AS
4000,41,3088GB
4001,407,2990AK
4002,36,3181VC
4003,91,4611WJ
4004,15,3461HW
4005,58,1075TH
4006,648,3071AB
4007,574,1017CJ
4008,5,1422XS
4009,29,2132MT
4010,121,2903PD
4011,74,9672BH
4012,1159,3000BD
4013,23,1432PN
4014,29,3417BP
4015,13,4614RX
4016,58,3221AK
4017,63,6584AG
4018,81,2901JB
4019,4,6411KS
4020,1159,3000BD
4021,7,3047AN
4022,38,4611AJ
4023,26,6604BV
4024,36,3363EL
4025,1002,3330CA
4026,90,5684NL
4027,1,3334KE
4028,52,2987VE
4029,112,5705CL
4030,173,3190AD
4031,244,3190AE
4032,105,3088GC
4033,46,3077AW
4034,81,2920AB
4035,2,4814DB
4036,17,2908LJ
4037,22,3133KS
4038,13,1814GA
4039,20,2514JK
4040,2,4814DB
4041,34,6363BV
4042,16,3299XB
4043,30,1191KV
4044,136,3962AL
4045,81152,3009GD
4046,149,3271KB
4047,39,3130AA
4048,1,1118CL
4049,55,1975AG
4050,6,6065BP
4051,36,1185BH
4052,30,4611BZ
4053,33,3073DL
4054,22,4797ZG
4055,136,3133EA
4056,9,3208KJ
4057,63,2211WH
4058,77,4140AB
4059,1,2665NP
4060,413,2592RM
4061,53,5341RB
4062,132,3194AM
4063,10,2153GB
4064,52,2132MR
4065,12,4251EN
4066,62,7450AB
4067,62,7450AB
4068,250,9930AG
4069,41,3194AA
4070,65,1221JZ
4071,16,2994LD
4072,1488,9701BL
4073,21,3069WH
4074,67,1103MB
4075,22,6533SH
4076,28,3291CE
4077,64,3771ME
4078,8,1118DX
4079,538,4870AM
4080,4,9351ZR
4081,235,8459BN
4082,51,7547SN
4083,751,3131KX
4084,8,1437EN
4085,14,5644NK
4086,629,3300AP
4087,31,2131HB
4088,9,3161KT
4089,389,2740AJ
4090,28,2132MR
4091,16,3125BN
4092,244,3190AE
4093,88,1507DH
4094,6729,6503GE
4095,53,1190AB
4096,80,5042KL
4097,47,1271BG
4098,93,1106HC
4099,34,9641HV
4100,34,6641KZ
4101,13,3274KK
4102,4,6181DN
4103,83,4651CC
4104,34,3311LR
4105,231,9205AL
4106,12,1118CL
4107,11,1541AA
4108,95,3072AP
4109,53,6270AB
4110,20,5617BC
4111,160,2593VP
4112,26,5528NB
4113,16,8331TK
4114,37,8239DK
4115,218,4707AT
4116,40,7532RB
4117,79,3930EB
4118,8,3016DE
4119,200,1097JB
4120,4,3421BJ
4121,1007,1077XX
4122,613,3024EP
4123,6,3525EM
4124,28,5541BC
4125,14,1339NB
4126,123,9930AC
4127,185,2990AD
4128,7,1118EE
4129,75625,1118ZR
4130,75702,1118ZT
4131,29,8251PP
4132,94,5751HH
4133,19,2909LH
4134,75614,1118ZR
4135,14,6051EC
4136,7776,1118ZM
4137,7776,1118ZM
4138,43,5657EA
4139,51,3161EB
4140,4,3208LC
4141,77,5121JB
4142,17,3113AP
4143,2,4814DB
4144,6,4061BH
4145,39,8013AB
4146,52,7963BZ
4147,61,2152EX
4148,29,3851SL
4149,58,2991LK
4150,45,4901VA
4151,4,2465BX
4152,30,3199LB
4153,49,9625PA
4154,206,3067GJ
4155,6505,4836LD
4156,14,8304AW
4157,5014,1802TA
4158,104,5701GV
4159,407,2990AK
4160,8,3016DE
4161,31,1118DT
4162,1,4811CA
4163,27,2531VC
4164,5,4530AA
4165,50,2153PL
4166,32,6666HP
4167,50,3194AB
4168,6,2980AA
4169,6,3124SG
4170,262,2525ZH
4171,13,4904MB
4172,19,1607ML
4173,700,3083AS
4174,700,3083AS
4175,2527,6604LM
4176,20,1119NR
4177,20,2984AT
4178,2,4143HM
4179,117,2515BL
4180,84182,3009CD
4181,39,3274LN
4182,83,3355EB
4183,33,9861AW
4184,2,1118DS
4185,10,4251NS
4186,17,1483BV
4187,72,2671JR
4188,91,4875AJ
4189,91,1561DG
4190,85,3200AB
4191,78,1503CA
4192,3,1211JT
4193,38,1118LD
4194,38,1118LD
4195,146,2691BN
4196,5155,3008AD
4197,365,1437CG
4198,63,3088GB
4199,1154,3600BD
4200,44,7576EE
4201,7,2871RK
4202,342,3142LM
4203,81,1441RS
4204,104,6900AC
4205,52,2991VD
4206,55,8484KG
4207,74,4024HJ
4208,31,3372BE
4209,8,5047RC
4210,18,3013AP
4211,1,8939CJ
4212,119,7514DP
4213,132,5928RH
4214,17,3711DA
4215,72,3731EJ
4216,43,3350AA
4217,137,1018RG
4218,87,2316ZL
4219,12,1446TA
4220,4143,2980GC
4221,333,1077XX
4222,1123,3000BC
4223,13,3251NG
4224,10,2717BP
4225,5,5993XV
4226,37,3087AD
4227,16,2584TX
4228,15,7587RL
4229,10,1241BK
4230,95,3067GC
4231,95,3067GC
4232,7481,3280AG
4233,13,4284XA
4234,7,4436RT
4235,28,2025RJ
4236,57,8075PB
4237,46,3316BP
4238,52,6903TE
4239,20,4907PP
4240,10,2172BW
4241,129,1091GL
4242,3,7711ES
4243,7,2522NA
4244,1,1046BM
4245,3,2584HW
4246,200,3084CB
4247,8,2548VM
4248,102,3111PX
4249,409,1000AK
4250,409,1000AK
4251,409,1000AK
4252,409,1000AK
4253,409,1000AK
4254,409,1000AK
4255,409,1000AK
4256,409,1000AK
4257,409,1000AK
4258,409,1000AK
4259,409,1000AK
4260,409,1000AK
4261,409,1000AK
4262,36,1042AA
4263,409,1000AK
4264,409,1000AK
4265,409,1000AK
4266,409,1000AK
4267,409,1000AK
4268,409,1000AK
4269,409,1000AK
4270,409,1000AK
4271,409,1000AK
4272,409,1000AK
4273,409,1000AK
4274,409,1000AK
4275,409,1000AK
4276,409,1000AK
4277,409,1000AK
4278,409,1000AK
4279,409,1000AK
4280,409,1000AK
4281,409,1000AK
4282,409,1000AK
4283,409,1000AK
4284,409,1000AK
4285,409,1000AK
4286,409,1000AK
4287,409,1000AK
4288,409,1000AK
4289,409,1000AK
4290,409,1000AK
4291,409,1000AK
4292,409,1000AK
4293,409,1000AK
4294,409,1000AK
4295,409,1000AK
4296,409,1000AK
4297,36,1042AA
4298,409,1000AK
4299,409,1000AK
4300,409,1000AK
4301,409,1000AK
4302,409,1000AK
4303,409,1000AK
4304,409,1000AK
4305,409,1000AK
4306,409,1000AK
4307,409,1000AK
4308,409,1000AK
4309,409,1000AK
4310,409,1000AK
4311,409,1000AK
4312,409,1000AK
4313,409,1000AK
4314,409,1000AK
4315,409,1000AK
4316,409,1000AK
4317,409,1000AK
4318,409,1000AK
4319,409,1000AK
4320,409,1000AK
4321,22,8757JS
4322,26,1076AR
4323,150,1098XA
4324,6,3197LD
4325,199,3161PG
4326,440,2980AK
4327,4,3208KJ
4328,144,3361GM
4329,11,3056LV
4330,63,4631RN
4331,70,5342LP
4332,6467,4836LH
4333,21,4024HK
4334,315,7000AH
4335,28,2132MR
4336,29,3069AJ
4337,203,3132PE
4338,39,3237LB
4339,9,3124LB
4340,8,3016DE
4341,67,3073DV
4342,531,3072AE
4343,52,5768GD
4344,35,3151JK
4345,28,2676LL
4346,6,5521DJ
4347,43,3350AA
4348,108,4128BP
4349,5,6372TN
4350,17,1773AB
4351,107,2511DP
4352,7,5706LM
4353,4803,5953ZL
4354,173,3072AP
4355,4143,2980GC
4356,4,3871MV
4357,305,1118BJ
4358,63,8320AB
4359,9,1118DT
4360,59357,1040KJ
4361,114,3544RB
4362,22,1731RG
4363,42,3436AD
4364,1143,1430BC
4365,6,3824CP
4366,58,3284KT
4367,58,3284KT
4368,14,1525RB
4369,32,1094NV
4370,41,2532AE
4371,6,5757RN
4372,86,5480AB
4373,92,5080AB
4374,444,5500AK
4375,46,5311BA
4376,221,2562RK
4377,1068,1430BB
4378,543,1435BR
4379,18,4751XE
4380,522,3011TA
4381,1159,3000BD
4382,1159,3000BD
4383,22,8041AH
4384,46,1505HH
4385,17,1483BM
4386,3,3433PJ
4387,120,3421XT
4388,3,5047TM
4389,15,5928SJ
4390,1,5041GN
4391,10,4554MB
4392,5,3297DB
4393,402,5049ET
4394,30,1118LD
4395,827,2132NG
4396,109,4813HG
4397,5019,3008AA
4398,28,1446WX
4399,14,3079NS
4400,95,1112AW
4401,19,3861NC
4402,2,3851PA
4403,21,7671EG
4404,44,5268HH
4405,263,2941BL
4406,9430,3007AK
4407,570,3300AN
4408,60,2991XT
4409,14,4903PA
4410,17,2548WL
4411,43,4791AJ
4412,2,1943LD
4413,7,3051BP
4414,10,6436BW
4415,17,6902PB
4416,17,6902PB
4417,17,6902PB
4418,2,4761RL
4419,1,2132WT
4420,49,4711CW
4421,15,3161GN
4422,56,3861LX
4423,1519,3800BM
4424,2,3115JE
4425,409,1000AK
4426,243,3190AE
4427,21,1382GT
4428,32,7591BT
4429,75,2260AB
4430,10,4817BL
4431,32,3832RC
4432,21,1118LA
4433,663,2130AR
4434,750,3014DA
4435,297,2800AG
4436,1,5051WZ
4437,9,5142PP
4438,30,2993RL
4439,30,6534AJ
4440,32,7941KE
4441,4,3208LC
4442,1,1118AP
4443,50,6241ND
4444,98,7316GG
4445,161,6441XD
4446,5,3853XH
4447,15,3047AK
4448,12,3449JD
4449,30,3088GT
4450,35,4851CA
4451,107,9700AC
4452,24,5046MB
4453,16,2680AA
4454,4,2925SK
4455,2599,1000CN
4456,19,4731CZ
4457,3,8043EJ
4458,3,4944VL
4459,6,3812RZ
4460,2,4283JH
4461,6,3261NB
4462,1,5928NV
4463,16,2992HD
4464,2027,7801CA
4465,42,3114NM
4466,6,4782SK
4467,102,3062ME
4468,10,1013BJ
4469,2,2512GP
4470,120,2640AC
4471,24,1251ZR
4472,141,8091BT
4473,75836,1118ZZ
4474,75836,1118ZZ
4475,82,2992XC
4476,92,3194DK
4477,1,4462HC
4478,1,4462HC
4479,4,3151ZD
4480,15,5657EM
4481,6023,4836LA
4482,5,4791VC
4483,1,3068GH
4484,25,3371HE
4485,73,3342GE
4486,66,2564SR
4487,49,1781AL
4488,6,6598AV
4489,21,3088EC
4490,946,6603CR
4491,42,7512ZR
4492,70,4780AB
4493,42,1329BB
4494,23,3194DD
4495,23,3194DD
4496,8,2984AX
4497,52,2987VE
4498,52,2987VE
4499,84,1018AR
4500,0,
4501,13,2994HW
4502,17,4817BL
4503,2,1942LD
4504,52,2987VE
4505,1144,3330CC
4506,15,7942JC
4507,48,9580AA
4508,41,4382NV
4509,6,3945PB
4510,15,3065DA
4511,56,3241LR
4512,28,5275LC
4513,73,9645BM
4514,79,1165MK
4515,12,2161VX
4516,63,4205HC
4517,55177,3008ED
4518,409,1000AK
4519,15,2651RM
4520,11,2391PZ
4521,55,8484KG
4522,121,2542CD
4523,203,7557GK
4524,2,4814DB
4525,61,3000AB
4526,105,9930AC
4527,11,3941GD
4528,38,4611AJ
4529,9,4931NA
4530,12,4817ZZ
4531,9,5492NL
4532,29,2926RG
4533,82,2992ZG
4534,28,5916PJ
4535,8,7468DL
4536,5,3888NV
4537,141,6811HD
4538,19,4250DA
4539,19,4250DA
4540,150,6222NM
4541,2,2676LL
4542,1,3436RR
4543,5541,3270AA
4544,69,6921RZ
4545,401,5462GH
4546,263,5911AC
4547,30,3071PR
4548,40,3903WH
4549,1,5161WH
4550,68,6591GK
4551,7087,5980AB
4552,8,1047HP
4553,6,2802GH
4554,17,4284EZ
4555,23,3344BA
4556,57,2941GN
4557,135,4584LH
4558,30,2131HC
4559,36,3992LS
4560,65,3833GL
4561,36,3029AP
4562,64,2153PL
4563,32,1044AN
4564,9008,3007AA
4565,2,3207KJ
4566,17,1948ND
4567,742,2909VA
4568,55,3088ED
4569,18,3223HL
4570,1,2662DA
4571,250,2571PJ
4572,21,1014BA
4573,2,4791RN
4574,263,5464PE
4575,2,2512GP
4576,7,5555XN
4577,33,2595AM
4578,14,1411AT
4579,34,7546NB
4580,7,7545LZ
4581,1,3925RG
4582,2,3045AK
4583,17,1788AX
4584,482,1067XR
4585,6,8899BN
4586,33,1735HM
4587,10,2661DB
4588,33,2595AM
4589,6,9723JV
4590,23,3088HB
4591,7,3161GR
4592,59236,3008PE
4593,32,6920AA
4594,7,2841DA
4595,425,2952DE
4596,1158,6546AS
4597,18,3207WZ
4598,7,5405AS
4599,50,1118LE
4600,113,1645RM
4601,225,2665MR
4602,5,3034KH
4603,13,3125AH
4604,39,8111AC
4605,8,3137ZA
4606,106,2986HA
4607,48,3295AN
4608,86,3197LH
4609,15,4223SG
4610,74,3881HE
4611,34,8161PG
4612,7,5026SP
4613,15,2033AA
4614,3617,1788MH
4615,43,4926CK
4616,52,6600AB
4617,38,3011BM
4618,10,3344EJ
4619,3,6595AP
4620,155,3087AG
4621,244,3190AE
4622,1,3334KE
4623,1022,3083LX
4624,1,4941TA
4625,11,4751SM
4626,59041,3008PA
4627,4,2908LM
4628,27,7324BR
4629,23,5347JX
4630,4,8448CD
4631,9,2908LT
4632,51,3199LK
4633,25,3355ER
4634,209,1813DH
4635,7,3161GR
4636,6042,5960AA
4637,651,3076GE
4638,3136,5930AC
4639,2599,1000CN
4640,10,5914CH
4641,202,3100AE
4642,36,3143CT
4643,166,3607RL
4644,111,4850AC
4645,41,3194AA
4646,40226,3504AA
4647,15,2033AP
4648,15,2033AP
4649,8,3011JJ
4650,4,7924PA
4651,110,7665SE
4652,33,2681HZ
4653,155,8200AD
4654,80,1047HM
4655,10000,3505AA
4656,10000,3505AA
4657,38,2408AN
4658,41,3194AA
4659,1808,2541GB
4660,19,5051GS
4661,8,2242LW
4662,17,5931JJ
4663,2,1118LK
4664,11,3881LA
4665,31,2993LM
4666,4,7773NH
4667,12,5652BH
4668,24,1948AM
4669,5,4690AA
4670,1,5652LA
4671,59,6590AB
4672,45,3200AA
4673,45,3200AA
4674,45,3200AA
4675,333,4870AH
4676,16,3162RB
4677,10,3124CL
4678,79,2950AB
4679,14,9974SL
4680,153,2831AD
4681,151,1043GR
4682,6,4791AA
4683,7,1047BA
4684,3,2181GP
4685,275,3314GN
4686,4,5991EM
4687,22,5754GK
4688,3,3208LA
4689,23,3825RT
4690,46,3065HB
4691,54,7397ND
4692,54,7397ND
4693,2,8013RN
4694,7,2909LJ
4695,14,3364AD
4696,56,3861LX
4697,27,5552PH
4698,114,7391ZD
4699,8,1097GE
4700,258,7770AG
4701,303,2342BP
4702,1,1981LA
4703,32,1119NZ
4704,32,7572PH
4705,1081,5140CB
4706,115,6669MG
4707,46,2141BX
4708,1,6045JC
4709,2,7625SP
4710,19,7008AS
4711,16,1325TA
4712,24,6222NE
4713,35,7061XV
4714,10,2661DB
4715,45,7556LV
4716,20,7325WZ
4717,24,5629HR
4718,2,5085NB
4719,1,4003DX
4720,6,4033AA
4721,55,3514TB
4722,18,5721RD
4723,8,5753PM
4724,38,2411ME
4725,10,3231XS
4726,95,3012KG
4727,95,3012KG
4728,95,3012KG
4729,95,3012KG
4730,6284,4836LG
4731,47,7771XB
4732,4,2908LT
4733,12,7575EB
4734,167,1075GX
4735,53,6291EL
4736,5,7333NZ
4737,21,3115HE
4738,111,3087AE
4739,21,3115HE
4740,9,9672BG
4741,32,6666HP
4742,16,1171SP
4743,81,3453PM
4744,83,3316AK
4745,4,4104AK
4746,7,9717ET
4747,15,4261AA
4748,5,7261AS
4749,41,3194AA
4750,37,2678DN
4751,9069,3301AB
4752,24,4706VB
4753,52,2586SK
4754,130,3194AM
4755,11,8884HG
4756,247,1432GK
4757,5257,4814RD
4758,55,2284AB
4759,14,4714RR
4760,14,4714RR
4761,514,1082PR
4762,57,1086VJ
4763,47,6034RJ
4764,17,5331XE
4765,4,2925SK
4766,13,1437EK
4767,8,1611HT
4768,45,3088HB
4769,1303,1300BH
4770,1303,1300BH
4771,105,3543AC
4772,63,6545AB
4773,13,3208LE
4774,3,3208LA
4775,35,5701CD
4776,333,1077XX
4777,11,5651GK
4778,17,6462HG
4779,111,4021AG
4780,20,3411JE
4781,7,7006TJ
4782,7,3815KP
4783,18,5396PX
4784,24,8071CE
4785,8,3232HE
4786,68,3853VD
4787,60,3845LA
4788,2,4128LJ
4789,742,2132NL
4790,9,4251NR
4791,39,3194DD
4792,5,2922GR
4793,75,5431DJ
4794,9,4661TW
4795,9,4661TW
4796,57,2761BR
4797,49,1053XT
4798,9,1454AP
4799,161,3071NR
4800,723,1067SV
4801,935,3071AL
4802,12,7575EB
4803,84,5720AB
4804,7,5854PP
4805,11,2182DV
4806,1,3281XH
4807,11,2628BZ
4808,799,3607MZ
4809,188,1171MN
4810,7,5221EE
4811,71,5922VK
4812,49,3411ZH
4813,21,1043AM
4814,83,3087BM
4815,5,3351JK
4816,76,2403HR
4817,15,3087BG
4818,17,5625AB
4819,1,2805KN
4820,4,3135JL
4821,39,7006RA
4822,23,5051ED
4823,6295,4836LG
4824,31,5341PA
4825,39,2013PH
4826,26,2982CM
4827,26,2982CM
4828,1,5912BW
4829,354,3341BP
4830,1,5813BN
4831,119,3071NK
4832,60,3454PW
4833,64,1431WZ
4834,2,8501ST
4835,2,8501ST
4836,28,1446XA
4837,62,1817ER
4838,15,3161GN
4839,17,3235BN
4840,2,6093CR
4841,17,3771NB
4842,50,3231VJ
4843,1,3165AA
4844,1,3161GR
4845,285,1432CN
4846,11,2991LG
4847,56,5757AD
4848,63,5047SE
4849,7,8748EG
4850,86,2992XC
4851,7,2031BH
4852,2,5575XC
4853,10000,3505AA
4854,182,3331ML
4855,18,2627AX
4856,29,4660AA
4857,4,5667KT
4858,20,2153PJ
4859,8,6836TP
4860,13,5467ML
4861,32,1704RW
4862,80,2719EK
4863,6,6603BH
4864,31,3621VP
4865,22,2153GN
4866,12,2719AR
4867,8,5803AV
4868,52,2991VD
4869,25,9936EA
4870,23,2272NA
4871,5,3016CK
4872,326,1186DJ
4873,29,4877AE
4874,2,1118LK
4875,20,5928LC
4876,23,3335LR
4877,19,5237LN
4878,20,7007CJ
4879,26,2211EH
4880,32,2729GH
4881,22,1332AJ
4882,100,3431CB
4883,1,4818HV
4884,52,3542AW
4885,26,2405GX
4886,398,2983GS
4887,8,5481HN
4888,66,7772KB
4889,19,7942JC
4890,53,6006CN
4891,10,6031SP
4892,9,5531AC
4893,385,7600AJ
4894,20,2988DB
4895,4,2901HG
4896,6801,4836LK
4897,12,1438BC
4898,70,8071CW
4899,46,1117BC
4900,1,4761RZ
4901,11,1731LJ
4902,64,3011KD
4903,20,4338PH
4904,36,2723RC
4905,10,6824DG
4906,12,9298RP
4907,1832,4700BV
4908,2,4706PL
4909,2010,1104CA
4910,13,4854AC
4911,5,5421JM
4912,18,8757JZ
4913,4,4715PM
4914,36,6035AD
4915,39,3011TD
4916,6,2992LA
4917,75701,1118ZT
4918,19,2909LH
4919,75614,1118ZR
4920,3,5853ES
4921,7210,4817ZJ
4922,66,3029AS
4923,1,3133KJ
4924,30,4881DR
4925,15,1448CL
4926,30,1992AP
4927,31,3344AH
4928,4,5411DK
4929,18,2548ED
4930,53,2906RG
4931,3,2914TX
4932,18,9671BW
4933,80,3116EX
4934,6,3772WM
4935,95,3072AP
4936,95,3072AP
4937,333,1077XX
4938,155,6005AD
4939,61,3000AB
4940,1,7602PR
4941,385,7600AJ
4942,385,7600AJ
4943,15,8071CC
4944,48,7555GT
4945,63,2211WH
4946,1,1186DS
4947,44,3332SM
4948,134,4463AE
4949,37,3087AD
4950,17,9936BP
4951,370,2401AN
4952,105,9930AC
4953,3,5047TM
4954,23,4891CL
4955,29,2132MT
4956,54142,3008JC
4957,18,9671BW
4958,299,3860AG
4959,11,2950AA
4960,150,4870AD
4961,237,5617BR
4962,3,1432DE
4963,16,5595XK
4964,67,1566AC
4965,135,1119RB
4966,158,3045PD
4967,18,3361HJ
4968,300,1438AN
4969,300,1438AN
4970,31,9606RR
4971,36,1314AS
4972,1,3331CD
4973,403,7534JZ
4974,82,1017AC
4975,7,7545LZ
4976,7400,3000HK
4977,40,5657DB
4978,225,8440AE
4979,2,2691ZZ
4980,1,3646BA
4981,7,3812PV
4982,4795,4803ET
4983,8,4251LC
4984,18,2132MS
4985,514,1082PR
4986,139,1355AN
4987,5,4721SE
4988,28,3261PC
4989,6258,4836LG
4990,14,7904LG
4991,141,8091BT
4992,37,3222AG
4993,23144,3001KC
4994,2,8523NB
4995,134,1824LD
4996,58,4771RS
4997,136,1046BD
4998,8,3016BB
4999,81,3023JA
5000,91,1102BP
5001,2,9665PM
5002,2,2676LL
5003,2,2676LL
5004,152,3331MA
5005,21,6127BH
5006,21,6127BH
5007,85,5853AB
5008,10,3381KJ
5009,54070,3008JB
5010,178,1046AB
5011,65,4400AB
5012,1,2665NP
5013,6,2565NS
5014,20,1433JR
5015,77,2408RW
5016,9,8171BK
5017,406,7327BT
5018,206,3083BZ
5019,1,3261PC
5020,4,4797AX
5021,200,3084CB
5022,17,2404CE
5023,47,3115JD
5024,28,3261GA
5025,1,3849BM
5026,28,3206GR
5027,96,2661GX
5028,32,1567GT
5029,107,3194DC
5030,8008,3605LW
5031,9,7418BZ
5032,31,3333AT
5033,31,3571GL
5034,224,2593NP
5035,1625,3600BP
5036,31,3161BE
5037,69,3351LJ
5038,7,2135KS
5039,115,5431JR
5040,65,2563XL
5041,7,4731DK
5042,7,4731DK
5043,15,1412GN
5044,36,2252TR
5045,365,1437CG
5046,5,2421LE
5047,60,3454PW
5048,13,9102EJ
5049,87,1544MJ
5050,701,1114AB
5051,909,1780AX
5052,33,1463HC
5053,57,2992SB
5054,20,3087BD
5055,24,3452DL
5056,184,1062XK
5057,77,4827MA
5058,1,7202BV
5059,10,3031SW
5060,2120,7420AC
5061,2120,7420AC
5062,72,2992SR
5063,1,2987VD
5064,5,4791VC
5065,37,2132RJ
5066,66,1161AK
5067,2,8321MD
5068,1,8321WS
5069,49,8252JN
5070,7,4436RT
5071,113,3086GH
5072,32,1704RW
5073,36,3029AP
5074,155,5616TW
5075,8,4651KP
5076,8,2665MT
5077,103,6130AC
5078,19,3171AP
5079,365,2545SX
5080,24,4705AA
5081,94,2522XC
5082,40,4569TL
5083,12,4251NL
5084,35,2904SE
5085,16,3453NK
5086,102,6721WZ
5087,25,4251DJ
5088,22,2991LN
5089,6,4879AJ
5090,49,2665NT
5091,64,3237AX
5092,3,5047TL
5093,3005,2440AA
5094,11,3023PG
5095,300,1438AN
5096,219,1118BH
5097,2,1438BB
5098,15,9736RB
5099,4,1056RZ
5100,3,3833LB
5101,854,4600AW
5102,2,3016BB
5103,2,3016BB
5104,2,3016BB
5105,2,3016BB
5106,1,4513AA
5107,57,3069BT
5108,668,2493WZ
5109,2,3016BB
5110,20,3247BB
5111,10,5928PN
5112,13,5347JR
5113,1074,1325AH
5114,146,1057DB
5115,316,6199ZN
5116,9,5626DC
5117,40227,3504AA
5118,91125,3007MC
5119,124,5140AC
5120,66,1511JC
5121,66,1511JC
5122,509,2900AM
5123,18,4751HN
5124,948,2136NH
5125,33,4133BA
5126,139,4708AJ
5127,72,2551MD
5128,1,5506EM
5129,16,3071AE
5130,398,2990AJ
5131,267,1435CJ
5132,9,6005RG
5133,18,4876WH
5134,128,2211VS
5135,11,7511ET
5136,1,5928NV
5137,1,4251SG
5138,6,8281JA
5139,158,2282NV
5140,32,2404BR
5141,7,4131LX
5142,45,3053NB
5143,8,3161GD
5144,96036,1006EA
5145,192,3012KN
5146,391,1093GB
5147,14,2741NT
5148,114,1363DB
5149,14,2741NT
5150,150,4870AD
5151,15,4416PX
5152,100,2661CV
5153,2,5331JD
5154,18,3317RX
5155,33,6199AM
5156,1,3208KP
5157,20,5482TG
5158,53285,3008HG
5159,53285,3008HG
5160,81,3029AJ
5161,33,4931XV
5162,15,3197LG
5163,16,3029AK
5164,4,5146AG
5165,5322,3008AH
5166,47,8601WL
5167,27,3192XZ
5168,82,2992XC
5169,6,5915PD
5170,2,3016BB
5171,7,2909LJ
5172,127,3162SB
5173,15,3161BD
5174,22,2153GN
5175,45,3013AK
5176,22016,1302CA
5177,209,7513CG
5178,19,2909LH
5179,54,3454PT
5180,33,2595AM
5181,15,5107RH
5182,4,7672AA
5183,41,3352XL
5184,1547,4700BM
5185,93,7891AD
5186,12,3813VC
5187,11,3821BG
5188,21,3621VC
5189,1,3044BC
5190,18,7251KW
5191,42,1338HR
5192,20,2153PJ
5193,160,3331MA
5194,11,1118DT
5195,1,4241XH
5196,188,2150AD
5197,58,3089KC
5198,22,3218BJ
5199,56,1046AE
5200,54,2740AB
5201,72,5341AG
5202,49,3021KJ
5203,713,5000AS
5204,3,4878AH
5205,184,3029BL
5206,12,1531HM
5207,737,3013AM
5208,41,1014BV
5209,262,1506GJ
5210,6,8253PW
5211,124,2974VH
5212,100,1175RE
5213,81,3087BM
5214,81,3087BM
5215,81,3087BM
5216,81,3087BM
5217,81,3087BM
5218,81,3087BM
5219,81,3087BM
5220,81,3087BM
5221,138,6136GV
5222,15,3191SL
5223,424,1019HE
5224,20,2153PJ
5225,40,6681LN
5226,59041,3008PA
5227,80,4623XS
5228,9051,3301AB
5229,18,3821AL
5230,2,3016BB
5231,5322,3008AH
5232,46,2986JA
5233,49,7711GG
5234,47,7100AA
5235,4,5513AP
5236,33,4033BV
5237,203,1438BG
5238,14,7554TG
5239,211,3063NH
5240,11,4761RG
5241,45,3068TJ
5242,20,1613DK
5243,24,3144KK
5244,6,5501GG
5245,5375,4814RC
5246,60,3067XE
5247,7,5121DN
5248,20,4202MS
5249,5,3208KP
5250,105,1112WX
5251,9,1505HW
5252,35,1095GB
5253,36,3143KK
5254,333,1077XX
5255,226,5021WR
5256,12,3067BB
5257,2,7437RX
5258,8,6836TP
5259,9,5175NV
5260,71,1271AD
5261,207,1034SB
5262,152,4705RB
5263,21,6221EE
5264,52,1382JZ
5265,26,5032XH
5266,9,4004LM
5267,3,1437EP
5268,193,2421AZ
5269,15,5047RE
5270,1,5251CR
5271,32,2992SR
5272,4,5384VJ
5273,44,7009AZ
5274,33,5371MJ
5275,13,1161AE
5276,463,2990AL
5277,15,3862PK
5278,137,7251WJ
5279,12,3016BM
5280,25,3811WZ
5281,2,1118LK
5282,116,1433DD
5283,1050,3160AG
5284,24,3194DH
5285,2,4671RN
5286,15,1431BA
5287,22,3227AL
5288,1,4537DH
5289,53,1101BH
5290,6262,4836LG
5291,41,4704RE
5292,21,3073CJ
5293,16,3011DJ
5294,202,2665MR
5295,24,5657EN
5296,12,1713CC
5297,246,3063TB
5298,6,3945PB
5299,15,2103XK
5300,21,5441AR
5301,45,3124SC
5302,8,8013PL
5303,8,6951MB
5304,213,1119PD
5305,10,6045GX
5306,38,1118LD
5307,2,7949AR
5308,118,3067TE
5309,18306,2132GM
5310,14,3011KA
5311,1444,1430BK
5312,107,2461EV
5313,24,4385GA
5314,454,1017CA
5315,62,3453TH
5316,62,3453TH
5317,12,4621JA
5318,985,2545HD
5319,67,3119NR
5320,12,5249JS
5321,140,2263KA
5322,22,2910AA
5323,25,3208LJ
5324,57,6691GC
5325,5,9301ZH
5326,2,1118DS
5327,11,3237MG
5328,159,3527JD
5329,8,3232HE
5330,21,3011GK
5331,88,9200AB
5332,51,3199LK
5333,40,3263RK
5334,11,1781KL
5335,31,2403EK
5336,13000,1100KG
5337,5,2651BC
5338,83,3029AJ
5339,106,1103JP
5340,1419,4700BK
5341,21,8071JG
5342,34,4641JJ
5343,110,7943PE
5344,14,4064ES
5345,1,4462HC
5346,5,7641LH
5347,44,3794MN
5348,1,2131AE
5349,7,7001BS
5350,84,3197LH
5351,10,7556MD
5352,32,1704RW
5353,26,6603AT
5354,7,3433DJ
5355,17,3521AZ
5356,11,5011EW
5357,130,6464EJ
5358,342,1161NN
5359,206,7328PA
5360,5,2616LZ
5361,1,2991LV
5362,51,4251GE
5363,2599,1000CN
5364,258,3125BK
5365,20,1432JH
5366,13,1119NN
5367,18,4158CV
5368,134,3194AM
5369,12,5953JR
5370,15,2904AM
5371,31,6846AT
5372,58,4706GB
5373,3,3297VK
5374,83,1046AK
5375,1,3131KA
5376,2,3316BP
5377,45,2461BX
5378,937,1077XX
5379,19,5807EA
5380,1,4704RV
5381,82,2287EK
5382,21,3931NE
5383,16,7251HR
5384,19,7131PG
5385,22,7461JN
5386,7,3752LK
5387,10,9641KH
5388,34,3849RN
5389,6253,4836LG
5390,700,3083AS
5391,5,2724CR
5392,54,1119PW
5393,12,6921RN
5394,16,7731AD
5395,2,3371NH
5396,21548,3001AM
5397,17,1046AR
5398,26,2983HE
5399,29,1271AB
5400,59,3073JS
5401,43,5492SM
5402,49,2382ND
5403,24,2254AG
5404,37,5103BT
5405,154,3011BH
5406,209,1813DH
5407,20,3438AM
5408,15,3861NC
5409,12,1118LA
5410,30223,3001DE
5411,98,3198LE
5412,45,3631AG
5413,26,6413NN
5414,45,3013AK
5415,274,2200AG
5416,150,1273SP
5417,99,6071PX
5418,4803,5953ZL
5419,34,3811BK
5420,53,2908XA
5421,6,4782SK
5422,216,5251MC
5423,15,2801VZ
5424,53,3171EB
5425,7,7021ND
5426,41,3067GD
5427,2,7587SC
5428,2,4814RR
5429,13,2723RS
5430,61,3192NA
5431,60045,1320AA
5432,65,1976CB
5433,3,3207ZE
5434,14,4101BK
5435,3,2952AP
5436,253,2901LB
5437,12,4251NL
5438,41,1118DT
5439,5,4003AV
5440,4,4013CL
5441,78,4834NJ
5442,36,3143KK
5443,14,5627DH
5444,5,9422CX
5445,25,2525KG
5446,39,2586KM
5447,5,2031BH
5448,321,1083DD
5449,16,1703KS
5450,60,1101GC
5451,35,4849CK
5452,3,3199KT
5453,75,2595TN
5454,6,3961JG
5455,13000,1100KG
5456,49,2651BC
5457,151,3194DC
5458,11,3112EA
5459,63,3352CJ
5460,4,3016CJ
5461,15,3197LG
5462,164,1082LT
5463,14,1411AT
5464,2,2132WS
5465,2,1067XH
5466,60,1422MJ
5467,2,4641HW
5468,10,5145RG
5469,400,7602KM
5470,45,2461BX
5471,6,3016DE
5472,286,3077RD
5473,71,7411LJ
5474,61,3047BA
5475,8,4128SV
5476,146,3192AH
5477,83,6191BC
5478,41,1014BV
5479,15,7695TR
5480,0,
5481,88,9200AB
5482,1,8042PJ
5483,52,5171MR
5484,17,3214VB
5485,246,9670AE
5486,332,2525LV
5487,8,3037XL
5488,152,3047AH
5489,130,2501CC
5490,24,6466LZ
5491,21,7532SK
5492,15,2408BN
5493,156,6006AC
5494,370,2401AN
5495,41,1014BV
5496,30,2404BR
5497,14,1483EA
5498,17,1483BV
5499,17,1483BM
5500,38,1483EB
5501,20,3125AE
5502,1,1648HG
5503,250,9930AG
5504,250,9930AG
5505,250,9930AG
5506,250,9930AG
5507,404,2574BV
5508,49,3899AE
5509,9,1636XA
5510,38,5931PZ
5511,9,7872PS
5512,134,3194AM
5513,28,3628EZ
5514,7,4515RN
5515,21,7395MJ
5516,95,3341LW
5517,20,1432JH
5518,10,3972PR
5519,25,6471WV
5520,2,7587SC
5521,15,3862PK
5522,29,7123AB
5523,8,2984AM
5524,19,1976EC
5525,22,5061KN
5526,5,7711EP
5527,17,5142BC
5528,7,4501PG
5529,409,1000AK
5530,409,1000AK
5531,409,1000AK
5532,409,1000AK
5533,409,1000AK
5534,409,1000AK
5535,23,8191AR
5536,47,1181NJ
5537,28,2935AC
5538,52,5527LB
5539,42,8806KM
5540,14,3417XS
5541,7,5384VL
5542,8,3011JJ
5543,140,1422ZB
5544,1,1422DR
5545,1,1696AJ
5546,1,3265LG
5547,82,5751NK
5548,29,5104JA
5549,7,3085AA
5550,16,1104DK
5551,5,2134WX
5552,5,9909BZ
5553,18,3772TM
5554,20,1095VL
5555,25,4201JA
5556,25,4201JA
5557,25,4201JA
5558,175,1011VM
5559,1,2132WT
5560,1,4147CS
5561,244,5460AE
5562,57,8244EE
5563,11,8521LG
5564,307,1012RM
5565,10,7551BV
5566,5,5107NH
5567,5,5107NH
5568,1224,1103JW
5569,66,3076WN
5570,29,3201SG
5571,184,1062XK
5572,2,4197BX
5573,110,2515JV
5574,140,9686PH
5575,2,5121ML
5576,26,3332TC
5577,74,3162LA
5578,263,5464PE
5579,130,5460AC
5580,37,4817WN
5581,40,1424PB
5582,82,2135NB
5583,8,2593XB
5584,5,5383KH
5585,151,1043GR
5586,30,2291ZL
5587,111,3081NH
5588,74,7413AS
5589,45,1422DZ
5590,37,3011AA
5591,1,3821AE
5592,11,2586EW
5593,1,1817CE
5594,83,3079HA
5595,12,1531KA
5596,96,1111PC
5597,180,3086KS
5598,3,7824CR
5599,10,3221CB
5600,2,4382NM
5601,2,7821AH
5602,602,1115TS
5603,32,3088HE
5604,45,3053NB
5605,298,3067KW
5606,24,6466LZ
5607,6,5705CB
5608,20,5411RB
5609,142,1212AJ
5610,134,2851CB
5611,13,2497CZ
5612,31,3571GL
5613,7,6001DA
5614,12089,3004GB
5615,20,2153PJ
5616,12,5467KT
5617,110,1119PP
5618,85,3081AB
5619,85,3081AB
5620,61,6744PL
5621,11,3122AM
5622,7,6224VM
5623,10,1967ED
5624,12,3155WG
5625,16,5469EW
5626,18,1633DE
5627,1,7202CK
5628,19,4816AM
5629,102,1022WZ
5630,17,2132WT
5631,17,3082ZA
5632,181,1101CN
5633,15,7942JC
5634,24,1076DE
5635,19,7942JC
5636,19,3069KW
5637,7,2983TP
5638,7,3903LB
5639,7,2983TP
5640,503,5700AM
5641,70,2742KL
5642,5,7333NZ
5643,83,6191BC
5644,28,5469PJ
5645,100,3190AC
5646,61,3232PP
5647,0,
5648,31,3043JR
5649,23,6438HG
5650,60,7933PG
5651,155,3087AG
5652,409,1000AK
5653,409,1000AK
5654,13,3088GN
5655,55,3088ED
5656,142,1504JH
5657,1,1696AJ
5658,17,4143HK
5659,49,1506BR
5660,42,7961EA
5661,27,1012EH
5662,27,1012EH
5663,39,3088GB
5664,13,1118LA
5665,123,9930AC
5666,123,9930AC
5667,19,4453AJ
5668,18,3063BX
5669,11,6542RL
5670,33,3119HE
5671,1164,1270BD
5672,93,4827CS
5673,4,8701JG
5674,30223,3001DE
5675,52,3133EK
5676,52,3133EK
5677,2,3133KW
5678,7,6717CR
5679,44,6665CM
5680,1,1437EP
5681,1,5351PK
5682,470,4827EH
5683,28,3318CM
5684,3,7132AG
5685,2,3194DE
5686,52,3193EN
5687,10,2153GB
5688,5,7261AS
5689,17,7218AL
5690,61,1521RW
5691,4,3313LC
5692,48,3411EL
5693,32,6828PZ
5694,70,3319GW
5695,2,3087AR
5696,78,2993TA
5697,54,1119PW
5698,5,6019CZ
5699,32,3255BL
5700,612,3000AP
5701,25,3208LJ
5702,17,8064PD
5703,2,7722PE
5704,19,5388AE
5705,6,2235EK
5706,10,3264PH
5707,66,9204LR
5708,17,6191KH
5709,14,3404WS
5710,3,3247CP
5711,14,3404WS
5712,7,3742HH
5713,120,2565PA
5714,11,1316AA
5715,9,1069XG
5716,11,3436BP
5717,1,3161GR
5718,55,3088ED
5719,503,2132AP
5720,13000,1100KG
5721,27,6191NC
5722,4,9301ZS
5723,18,3542AV
5724,32,7327AC
5725,1,2404CA
5726,10,2825BS
5727,127,3087AE
5728,326,1186DJ
5729,5,3372BC
5730,24,1277BC
5731,81,3087BM
5732,392,2132PZ
5733,32,9411CD
5734,101,1118DP
5735,101,1118DP
5736,7,3041JL
5737,90,2694BP
5738,38,1118LM
5739,21,3221CB
5740,79,1064HM
5741,499,1017BT
5742,11,3208KH
5743,32,1704RW
5744,424,1019HE
5745,213,2985AR
5746,8103,3703JD
5747,35,4782PM
5748,300,1438AN
5749,6,2994LD
5750,300,1438AN
5751,4,8226LK
5752,14,1101CK
5753,85,9600AB
5754,16,2672LC
5755,12,3751LS
5756,322,2652EX
5757,142,3220AC
5758,84,2992XC
5759,60,4891CK
5760,1,1437EP
5761,43,5451HZ
5762,18,5721RD
5763,15,3197LG
5764,207,2980AE
5765,25,4691DV
5766,4,5371MZ
5767,12,5141EL
5768,2,6003DG
5769,88,3115JG
5770,12,4661TX
5771,140,1422ZB
5772,2,1627LE
5773,45,3334KA
5774,218,4871LA
5775,218,4707AT
5776,218,4707AT
5777,134,3089KC
5778,12,3439LC
5779,3,3621MX
5780,4,4104AK
5781,1120,1430BC
5782,15,8701PG
5783,71,4907XP
5784,40,2516KL
5785,38,1118LD
5786,20,4793GB
5787,6,1251CK
5788,53,1101BH
5789,88,3161HJ
5790,14,8501XM
5791,3,8448CE
5792,14,2641JL
5793,156,1102SC
5794,81,4411PB
5795,90,9001EJ
5796,6,5721AA
5797,77,6466NG
5798,5,8091AJ
5799,6,2041NB
5800,431,1017DJ
5801,61,5921CL
5802,4,3034KG
5803,240,3197KV
5804,1,9041BM
5805,26,2803PE
5806,2,3195GB
5807,2,4675CT
5808,111,3087AE
5809,146,5345SB
5810,23,2153GK
5811,44,7672AC
5812,1,3161DB
5813,12,1483MA
5814,40,6681LN
5815,105,1328TT
5816,86,1421XJ
5817,88,4641RT
5818,1,5652LA
5819,10,4696BS
5820,14,1046AT
5821,17,2181HG
5822,16,2142EN
5823,22,6595CC
5824,30223,3001DE
5825,4,7418GX
5826,161,3608AH
5827,49,3011PG
5828,421,1013DT
5829,32,1704RW
5830,27,3446BD
5831,27,3029AP
5832,11,4815NC
5833,30223,3001DE
5834,12,6658KC
5835,38,2408AN
5836,42,1118LB
5837,45,1095AT
5838,262,1506GJ
5839,253,2990AG
5840,135,1119RB
5841,113,3073DX
5842,107,1451MJ
5843,14,7957CV
5844,2,6229ES
5845,9,6845DP
5846,27,6199AC
5847,22,6199AD
5848,50,4701BG
5849,30,3281ND
5850,40,1091VG
5851,222,5000AE
5852,3,4731RA
5853,5,9979XX
5854,49,7751AH
5855,8,4671GM
5856,76,3331ML
5857,67,3335EE
5858,50,7908HD
5859,17,3232GL
5860,801,2131MA
5861,13,4285CC
5862,35,5988AK
5863,8,6951MB
5864,216,2130AE
5865,1,2751CZ
5866,20,5803JJ
5867,3,2037LA
5868,7,2992CJ
5869,6,4782SK
5870,11,5321JK
5871,5045,3008AA
5872,93,2987EN
5873,43,1431SR
5874,82,4704RK
5875,67,2908BB
5876,1,5704RJ
5877,1,2135AZ
5878,14,4175LP
5879,13,3706BP
5880,79,5045AV
5881,150,6433KE
5882,5224,6401GE
5883,51,3083DD
5884,46,2141BX
5885,184,3194AM
5886,20,3078ZP
5887,95,5953NA
5888,5,9934AR
5889,5,9934AR
5890,6,6598AV
5891,38,5926PP
5892,54,5811AL
5893,1,6416CC
5894,12,6671HA
5895,38,5307HJ
5896,210,3161DA
5897,6002,4836LA
5898,31,6932BZ
5899,73,3162TM
5900,66,1161AK
5901,123,2516BA
5902,30,2851AK
5903,7,2991XR
5904,251,1087LN
5905,10,2012GN
5906,20,3190AA
5907,8,3542AN
5908,19,1083TC
5909,100,3190AC
5910,25,6663HK
5911,26,3194DH
5912,15,2512GK
5913,10,4554MB
5914,30,2665BE
5915,11,3953ME
5916,571,1104HE
5917,45,1244NN
5918,0,
5919,11,3871CN
5920,11,3404LA
5921,7,4271LN
5922,65,3117AK
5923,151,1043GR
5924,29,1043NX
5925,35,8244DN
5926,8,4731RE
5927,10,3037XS
5928,34,3648CJ
5929,15,5165KL
5930,357,7323ND
5931,21,8253JB
5932,38,3083RP
5933,46,3813EJ
5934,6,6604BV
5935,501,7327LJ
5936,29,9206AA
5937,26,5032XH
5938,25,5048AB
5939,42,4904XK
5940,7,2991AD
5941,180,2035SK
5942,830,3032AL
5943,83,2861BC
5944,41,3331LR
5945,6,4671GK
5946,54,5658GG
5947,23,3201AX
5948,68,4825BD
5949,59,3088ED
5950,86,3771MB
5951,22,2909LG
5952,27,5900AA
5953,14,6581RJ
5954,34,5916PB
5955,21,2565JT
5956,3,2681PJ
5957,133,7900AC
5958,10,5246BD
5959,28,7606XR
5960,22,8316PZ
5961,18,2132WS
5962,98,3117AW
5963,276,1067KN
5964,77,3087BM
5965,30,5247MX
5966,2,2406JL
5967,3,7627LZ
5968,36,3071AV
5969,115,3194DC
5970,76,3067GH
5971,418,7000AK
5972,1,1118CL
5973,69,9611KG
5974,5,2254BC
5975,21,5232BC
5976,165,1079ME
5977,57,2992SB
5978,25,7825GA
5979,25,7825GA
5980,21,1118CB
5981,3,6251NA
5982,53,8251XR
5983,2,8915KM
5984,88,1456AX
5985,11,1541AA
5986,6,3223NH
5987,141,6235EB
5988,28,5652AL
5989,7,8265MG
5990,233,5025DC
5991,9,2751GP
5992,44,3812PH
5993,167,3316GZ
5994,38,1118LM
5995,391,1016EJ
5996,75,7602KD
5997,124,6163LL
5998,22,3227AL
5999,15,4388WD
6000,4318,5503LN
6001,24,4501LA
6002,63,2587CD
6003,35,7345DK
6004,100,9801BE
6005,62,1076AE
6006,104,1012SG
6007,4,5047TM
6008,15,1431BA
6009,10,2513EA
6010,78,2984AB
6011,54,1118LB
6012,61,1044AN
6013,193,2241SK
6014,9,4902ZA
6015,182,1102AB
6016,3,5741SG
6017,307,1171PL
6018,45,2803PE
6019,9,3119JA
6020,9,5251RN
6021,335,1963AZ
6022,17,4817BL
6023,40,2665JK
6024,3,9934RW
6025,3,9934RW
6026,10,5575BJ
6027,16,7442CH
6028,28,9269PS
6029,6,3903LA
6030,16,2993LD
6031,3,6049LX
6032,23,3115HC
6033,1,3011RR
6034,27,3335LR
6035,16,3076GZ
6036,399,1093GB
6037,73,5013BJ
6038,1,2722NG
6039,15,2102ES
6040,20,3232EK
6041,27,1359HJ
6042,3,3208LA
6043,33,3356LD
6044,1143,1077XX
6045,62,7311KW
6046,39,9203TB
6047,8,6301WE
6048,157,6136GM
6049,200,8430AE
6050,1119,1069GA
6051,83,2861BC
6052,0,
6053,8,2171XK
6054,51,1053WG
6055,29,9206AA
6056,6,2991XV
6057,407,2990AK
6058,5,3208KJ
6059,15,7471KA
6060,106,3772GT
6061,45,8938BH
6062,505,3013AL
6063,29,4537BB
6064,22,7531GK
6065,37,5161GA
6066,22,3454PW
6067,42,3191XC
6068,73,6827AV
6069,5,6883JN
6070,1,6717LM
6071,1,9591TC
6072,70,3011WT
6073,4,3034KG
6074,3,2661MK
6075,20,7001CD
6076,2,5145NW
6077,2,5145NW
6078,102,3062ME
6079,4,1438AH
6080,50,3032SW
6081,420,1017BZ
6082,1,3813EE
6083,5,2969BJ
6084,4,3446CB
6085,3,3247CP
6086,26,6941EA
6087,20,3088KA
6088,130,4271CD
6089,830,3032AL
6090,8,8332JZ
6091,4,4825BG
6092,41,3086XA
6093,90,2994EE
6094,36,9712EK
6095,16,9675RJ
6096,24,6466LZ
6097,66,3319AC
6098,1711,1069TK
6099,6,4782SK
6100,44,3131NB
6101,77,2401BV
6102,80,5629BJ
6103,2519,6604GC
6104,84,1951AS
6105,30,3066GB
6106,41,9711BC
6107,350,3372BS
6108,14,6835CP
6109,92,6433JL
6110,268,1276KR
6111,1,5014HA
6112,1,3439LD
6113,11,4004JZ
6114,29,2675BR
6115,11,4641SK
6116,270,1422DZ
6117,73,3812SW
6118,31,6744ZG
6119,7,6041TA
6120,10,8243MS
6121,20,7843PL
6122,13,4811CA
6123,20,3771MG
6124,63,3542AA
6125,263,4814NZ
6126,92,3601CG
6127,500,1017CB
6128,152,1507WL
6129,64,8152DX
6130,51,9271VT
6131,9,3332RB
6132,2,8013RN
6133,89,1214JB
6134,744,5400AS
6135,81,4251DA
6136,4,3962RB
6137,4,7773NH
6138,3,3843XN
6139,9,5975NL
6140,114,2153PH
6141,41,4413BR
6142,2,4414BG
6143,15,2908LJ
6144,15,2909RG
6145,701,1114AB
6146,7,4104BK
6147,55,3341CS
6148,155,2990AD
6149,15,4782PW
6150,385,1093GB
6151,58,7587GB
6152,14,1068BK
6153,84,2613GN
6154,102,3062ME
6155,62,1015CS
6156,5,4064CN
6157,3,8131PB
6158,6,9693AG
6159,45,2675VN
6160,1,4462HC
6161,37,3011AA
6162,4,9551CJ
6163,1,7623CS
6164,83,5631CJ
6165,5,8024AD
6166,46,3025GP
6167,5,2033DK
6168,14,2522CE
6169,48,3161KG
6170,3,4906CV
6171,1,2761EH
6172,751,3131KX
6173,3142,6202NC
6174,2,6229ES
6175,10,1326HE
6176,16,3861CS
6177,331,2531AH
6178,5,2993LN
6179,48,4824AC
6180,10,4131MB
6181,218,4707AT
6182,107,1451MJ
6183,3,9712AC
6184,5,7156LV
6185,2,3341TS
6186,2,8141NS
6187,1,5441PS
6188,70,3062NW
6189,4,3087BL
6190,6,1060PE
6191,52,2024AS
6192,1050,3160AG
6193,36,1042AA
6194,36,1042AA
6195,59,6590AB
6196,24,4501BD
6197,38,1135GK
6198,219,3065JK
6199,29,3446JJ
6200,43,7091VK
6201,12,2911AD
6202,15,3274CH
6203,53,2548NG
6204,1,8012EG
6205,40,3011XB
6206,2,3512HB
6207,2,3512HB
6208,63,2926PB
6209,13,7442CH
6210,19,5993SL
6211,7,8447GM
6212,4,6101WV
6213,95,3341LW
6214,93,3544LD
6215,27,8332GA
6216,257,3360AG
6217,97,8431KJ
6218,12,5161CB
6219,1,1437EP
6220,56,9001BM
6221,41,2382BW
6222,33,2595AM
6223,113,2531TJ
6224,1,5923AA
6225,62,2525WZ
6226,80538,2508GM
6227,29,7325WZ
6228,12,3068HN
6229,351,4812XT
6230,12,2451WB
6231,7,2135VH
6232,19,1693GW
6233,10,2153GB
6234,2,5629KS
6235,225,9737HR
6236,44,3118AE
6237,20,5482TG
6238,303,1171VC
6239,6,2408CT
6240,7,2170AA
6241,5,8211AB
6242,61,4826HS
6243,2,3045AK
6244,63,3253VC
6245,222,3084LR
6246,6,7255WT
6247,52,7482ZZ
6248,102,5013CD
6249,7,3208KJ
6250,45,3274BG
6251,15,3197LG
6252,6,2514BB
6253,199,3525VE
6254,48,3524ZJ
6255,109,3026AE
6256,8004,1802KA
6257,28,3291CK
6258,28,3291CK
6259,24,6466LZ
6260,22,6833GB
6261,23,5554AN
6262,20,1363SR
6263,5,2408AP
6264,29,7461TP
6265,29,7461TP
6266,29,7461TP
6267,29,7461TP
6268,29,7461TP
6269,29,7461TP
6270,29,7461TP
6271,29,7461TP
6272,29,7461TP
6273,21,9413BD
6274,62,3512AX
6275,12,1962BT
6276,569,2141AL
6277,24,6466LZ
6278,11,2231NZ
6279,30,3891ZK
6280,36,1042AA
6281,36,1042AA
6282,36,1042AA
6283,36,1042AA
6284,36,1042AA
6285,36,1042AA
6286,9,5347JR
6287,84,3341BT
6288,7,2992CJ
6289,199,5751KX
6290,43,3581ST
6291,36,2135LE
6292,80,1047HM
6293,3,7622KP
6294,21,2132JH
6295,130,7336AX
6296,502,3031EP
6297,2,6542ZB
6298,391,1016EJ
6299,208,3361AT
6300,92,3601CG
6301,25,4051BW
6302,2,3016BB
6303,2,3016BB
6304,19,2761TZ
6305,123,3071KL
6306,104,1012SG
6307,55,1106ZS
6308,12,6902PB
6309,53,3074WR
6310,33,4624EL
6311,12,1119NR
6312,41,8253RD
6313,8,4032NC
6314,58,2548JM
6315,426,2287RN
6316,15,6121KP
6317,1,4941TA
6318,331,1035PC
6319,2,3016BB
6320,35,1104VC
6321,66,1655LD
6322,263,8077RE
6323,84,3194DG
6324,148,1689KK
6325,53,2563RS
6326,64,1511CK
6327,88,5611NT
6328,98,5520AB
6329,3,2651GH
6330,9,6603BH
6331,9,3052HA
6332,111,3087AE
6333,16,1175RJ
6334,5,9934AR
6335,5,9934AR
6336,102,4823MA
6337,20,3088GN
6338,14,7957CV
6339,10,7555BL
6340,22,2935SN
6341,57,5223VT
6342,34,1507EM
6343,270,3011XZ
6344,22,1948RM
6345,1,6921JX
6346,9,5985NX
6347,530,1067SX
6348,27,6911CD
6349,1,6921NA
6350,30,5683CT
6351,307,3078AA
6352,94,1506BZ
6353,16,6811AC
6354,7,1972NJ
6355,16,5222AN
6356,18,3821AL
6357,40,1444VV
6358,27,1531TA
6359,77,2404HH
6360,8,3039VM
6361,14,3011KA
6362,32,9321HB
6363,63,2031ET
6364,20,2225AX
6365,22,6708BP
6366,47,1211MH
6367,357,3205HC
6368,277,3112AM
6369,140,5629GC
6370,62,1976DC
6371,13,3088GN
6372,763,1066VH
6373,15,3621MX
6374,11,5711EA
6375,5,5161RN
6376,98,4827CS
6377,58,4902TM
6378,18,1061SC
6379,71,2571AA
6380,1,4131PN
6381,181,2982AL
6382,2,3994LD
6383,46,8231EP
6384,8,8013PL
6385,36,1046AV
6386,244,3190AE
6387,580,6418XT
6388,71,2562AB
6389,5,2153PH
6390,41,3194AA
6391,63,4926EE
6392,2801,6537GW
6393,23,4814AB
6394,8,5341AV
6395,2,4251DM
6396,28,3077AL
6397,15,7627LG
6398,11,3197LG
6399,3,3439NP
6400,40,2718RC
6401,11,2231KP
6402,30,3083NM
6403,73,3038TN
6404,200,3197KV
6405,1,5262GC
6406,111,4824AT
6407,251,1018AM
6408,1,9269HA
6409,111,7556LW
6410,3,3925LA
6411,17,3151ZJ
6412,96,2411VB
6413,5,1822CD
6414,10,9641KR
6415,80,2690AB
6416,20,6136XC
6417,204,3200AE
6418,39,6681LN
6419,17,5071VG
6420,242,7601GM
6421,18,2924AB
6422,200,3197KV
6423,39,6624AP
6424,1,4751XN
6425,10,6135KH
6426,4803,5953ZL
6427,7,1689AH
6428,555,1017DR
6429,7,3045BL
6430,3,3314AH
6431,202,3059RB
6432,13,8447SM
6433,153,3038NJ
6434,323,5142CA
6435,23,1069PJ
6436,17,2665LR
6437,24,4033BK
6438,139,2586SG
6439,9,5041EK
6440,182,1401EM
6441,11,2201XC
6442,79,3114NC
6443,45,5973ND
6444,200,1097JB
6445,8,6905DB
6446,3,1906BW
6447,26,2982CM
6448,34,2991LR
6449,8,4726TG
6450,37,2152LC
6451,508,1103GZ
6452,162,1094NN
6453,4,3911KG
6454,105,3087AE
6455,178,1046AB
6456,7,3433DJ
6457,95,2672HG
6458,153,1531LH
6459,3,7483PH
6460,56,2317CN
6461,1,3161GR
6462,17,2342BB
6463,25,2641HG
6464,6,2235SZ
6465,9,3054WG
6466,701,1114AB
6467,63,2031ET
6468,5,2318NC
6469,15,8307PZ
6470,80,1047HM
6471,21,6245KA
6472,12,1446TA
6473,184,1062XK
6474,62,3227CD
6475,14,4205JD
6476,15,2991LV
6477,12,3315VA
6478,203,7557GK
6479,64,3011VD
6480,44,5712GH
6481,23,4325ED
6482,63511,2502JM
6483,42,6043RE
6484,37,3027VL
6485,38,3274CL
6486,117,6833HP
6487,24,6466LZ
6488,72,1423DL
6489,158,2531HJ
6490,38,3448WJ
6491,10,4671HN
6492,21,1060NN
6493,4,3194DE
6494,116,6538SX
6495,17,2132WT
6496,5,3161WE
6497,40,3011XB
6498,113,1813DD
6499,35,5048AC
6500,3,3124WB
6501,123,1171GK
6502,11,5049AE
6503,18,1336KH
6504,37,1055EW
6505,8,4475AP
6506,82,3311XR
6507,66,1094SZ
6508,3,3208LA
6509,86,2992XC
6510,126,1064AZ
6511,96,5921GM
6512,18,2162CH
6513,11,5463XB
6514,332,1103EW
6515,57,1431GD
6516,49,2811SK
6517,3,4791RX
6518,28,3066GN
6519,3,3208KP
6520,5,4879AP
6521,1261,2153KC
6522,98,3344CG
6523,76,5015BM
6524,69,3067DT
6525,73,1106PP
6526,7,9206AK
6527,20,5341RE
6528,245,1171VV
