HUISNR,PC
9,2984BG
1,8911AW
2,8448CN
3,8801JK
12,9061AE
14,9044NR
2,8754LD
1,8397LJ
26,8629PH
2,8855CZ
7,9206AK
6,9207HE
3,9001XW
5,9076PD
11,9288GJ
15,9205BD
13,8861NS
1,8517HA
19,8447EE
1,8501ZD
7,8861NX
25,1948ND
91,9291CE
121,8456GD
12,8746NH
7,2742RA
33,9024BD
30,9035ED
66,8621CP
6,8391AH
12,9723JE
4,7921XC
13,9936BP
19,9967RA
60,9611AM
168,1811CP
164,1811CP
16,8071TD
4,8521NH
3,9646EA
2,9735AD
2,9735AD
16,9351SG
101,9744TS
2,7958VA
39,9403VX
7,9731AK
87,9727AH
11,9744DS
39,6721JJ
18,9635AC
12,9288XJ
12,9001KE
90,9672BH
26,9728VP
32,8501SC
13,9671CA
16,9363BJ
15,8822WV
6,3208LJ
42,2909LE
7,7843RM
99,9727AJ
71,3311JG
1,9979XX
7,9724AD
14,9974SL
10,9934CK
3,9601KL
7,3316EE
6,3208LJ
46,9934RS
74,9727AK
5,9753TA
6,9615TH
99,9727AJ
144,9727AP
8,6541DC
20,9936TG
10,9936HD
44,9628CP
22,9636HW
22,9636HW
10,9934CK
13,9671CA
125,9728CG
52,9649HW
52,9649HW
21,9951SJ
96,9943PC
148,3881SL
28,9672AD
75,9281LC
11,1705JC
28,9982AX
29,9672BN
23,9723JC
32,9321HB
5,9742LA
22,2585GJ
4,9672BA
49,2533SG
58,9665MR
20,9672BN
109,9628CD
22,9636HW
5,9934AR
10,9934CK
10,9934CK
10,9934CK
5,9934AR
18,9672AR
14,9936GZ
4,9934GD
5,9934AR
15,9561ZA
105,9648KK
96,9641JT
36,9712LG
5,9934AR
22,9649AJ
84,9636BT
9,9979XK
21,6827BJ
12,2952EH
63,7903AS
27,7825VL
313,1431GB
2,7825GS
121,1119RB
65,2991LJ
8,7908MZ
15,9411SB
9,9418TN
7,9206AK
501,5464PA
7,5993SL
5,4751XK
14,9761TK
6,9207HE
5,7901TG
52,7963BZ
1019,7905SB
2,7761RA
20,7814XL
25,7958RS
12,7812HZ
9,7761RB
80,9403AD
10,9301ZJ
4,7833JA
16,7825AN
6,7772TV
10,9403DT
6,2991XV
5,7924PG
70,2988DB
20,8028PK
4,8064PE
27,3165AA
30,8064AK
17,8152BN
10,8042PH
27,8325DB
5,7711EP
131,3734EE
17,8152BN
5,8271RG
26,8131DP
36,8181JJ
26,8271RH
9,8051HH
20,8028PK
8,7739PL
24,7739PH
32,7701SE
2,7696BG
7,8013RK
14,7711GW
3,7955AA
66,7772KB
15,7921RV
1,8131WV
3,8102HX
15,8013RL
132,7324BD
111,7772NB
17,8152BN
38,8013PD
13,7241DB
6,7602PE
21,7575ER
18,7461JC
2,7547RW
105,7587NG
2,7547RW
29,7602PD
18,7575ED
3,7602PD
23,7575DB
29,7461TP
10,7543GT
8,7602PW
8,7532ST
219,1118BH
19,7547RT
19,7547RT
18,7575ED
16,7587GA
21,7575BC
29,1062HJ
2,7575BP
30,7575DA
16,7547TB
13,7608RH
23,7575DB
332,7532SN
3,7591HH
1,7472DD
41,7511ZA
16,7587GA
22,7665ST
15,3851SL
6,1521RC
209,8096BJ
104,8448GW
2,8448CN
81,5342LW
23,5145RK
6,5047RK
81,5804AP
1,3849BM
16,7141ZT
6,7332BB
12,3903KG
45,7131PE
24,6971BA
6,3016BD
18,7261AD
30,7122PW
2,7202CT
15,8932PA
8,7255AE
13,3846BX
100,5804AM
17,3861NJ
8,7383CB
37,6981AD
7,6961DP
98,7241VM
14,7151HD
29,7325WZ
29,7325WZ
33,2161LE
18,7211AR
2,9723JE
2,7231CP
8,3771MK
10,7572ZH
73,7631AB
20,3991VB
60,3882NJ
7,7604ER
2,7547RW
11,2391PZ
106,7547AL
23,7382AK
6,7091CS
8,7475NH
41,5571KB
2,7547RW
21,7547RT
2,7547RW
12,7384SN
266,3845LD
82,8256ES
454,7602KM
128,8701MC
51,7325WC
2,7547RW
119,7631BB
6,3628AC
22,3771VT
28,7576EM
1,7556BP
33,8162XS
7,6921EW
17,7577JC
12,3881SH
34,8097SG
21,8242PE
156,7604BP
100,7554NB
101,3066GS
1,7491EZ
12,7312EH
40,7609SJ
22,3846BN
15,7621AX
4,7604BL
766,2132NM
53,7547TE
8,7391TW
3,7251LH
37,8081HB
14,7671NE
46,7671RE
11,7335JP
52,5222BP
6,4043JD
75,7397NE
16,7611AG
16,3888MV
12,8162ET
313,1431GB
123,7471KV
14,8051KW
150,7544VV
99,7241MB
20,3774RA
8,7418BG
16,7335AA
3,7463PB
6,2033DA
101,7202CA
18,7547TB
64,3853TK
3,3785KX
23,7575AR
1,7772BL
2,7623CS
133,3771MA
18,6961PJ
37,7481RS
6,7631JC
26,8271RH
25,7421ET
9,8011RT
10,7521BE
18,7461JC
22,7554TX
9,3881LW
9,7597MD
1,7738PS
13,1135GG
9,7041GX
89,6827AL
5,7041KJ
22,5521DZ
53,5521DZ
74,6831AJ
3,6984AA
11,6673DP
2,6988BM
1,7041GE
7,3771NS
15,8255RN
19,6921RE
4,3771LN
65,6922JA
5,6909DZ
508,2952DG
43,6921RE
11,3781EP
1,7031GG
78,6902PK
1,6931SG
109,3771MA
3,3959BE
135,2131AR
32,5651GG
7,5986PM
33,3771MA
1,6921RB
23,7122ME
41,6666WS
2,1118LK
77,3087BM
10,7041GD
5,6984AA
7,7833HW
109,6843PP
18,6598BL
22,7031BG
2,3165AL
21,6901JV
78,1412JL
2,7122NR
21,6691CT
6,7047CA
19,7031HH
4,7041BM
64,6641AG
28,6923PE
12,6915VJ
47,7256AA
14,6902PR
165,7102EN
5,6922AA
130,2678AG
194,6814GK
31,4879NE
2,2652XT
20,1047BM
2,7942KE
32,3905NR
44,7461AE
10,5684PK
2,9482WH
15,8501XJ
2,1943AG
1410,5688HA
4,9461GX
17,6996AA
89,6602DD
3,6581KX
16,7418AM
8,6121RE
12,7041GD
5,7047CC
2031,6536JK
1077,6546BB
69,6828CD
4,6644BT
9,6611KA
5,6984AA
5,6984AA
8,6921RE
8,6921RE
58,6902PK
8,3991CS
43,7075ED
55,6681CW
3,6744PK
1154,6546AS
1121,6546AS
63,6545AB
2162,6604LG
55,7131XL
2,6741HC
5,6716KC
117,6542JD
6,6544XK
2,6942SG
93,6733AD
1,6521BA
19,6957AB
1154,6546AS
17,6902PB
508,2952DG
38,6711HD
445,7535AZ
11,6731CL
50,6871XH
1105,6546AR
51,6741WJ
57,6524HV
9121,6537KJ
25,2526TM
8,6741EH
2414,6604LL
3,6716AH
21,6732GH
18,7037AB
51,6668CA
1014,6546BA
5,6744XA
136,6466GR
1,6525VK
28,6675AS
30,6661XG
23,6916BS
10,6827BD
114,6601JD
37,7061XV
14,4033KN
24,6921RW
78,7051WS
2,9414TN
308,6541CD
23,6545AC
25,6841HN
63,6811HC
15,6641EL
7,7271LC
110,6814KN
2,7041SC
9,6644AR
79,6921RZ
10,6551AD
10,6731EK
17,6616AV
4,6545AG
44,6961EK
27,6987EA
27,4143BR
2,6718XA
10,4401EZ
26,6523LC
2,7007CN
9,6602ET
16,6673DV
2,6611BP
5,7061AA
1,7102EM
7308,5692HH
43,6603AV
14,6718XT
36,5234GM
29,6621BV
7946,6601RP
16,3861SG
4020,6604LW
5,6611AH
74,6603BR
30,6602AV
40,6681LN
6,7091ZZ
7,4941VX
102,6524MJ
2025,6604LH
5,6581HN
10,6551DP
14,5651GR
21,6604BT
41,4001XA
1,4104BC
67,5327AB
1,4152GC
26,4119LZ
41,5262GD
21,5308KD
10,4104AK
40,4013CS
29,4032NA
8,5321JT
24,4033BK
7,4191NX
31,5301LX
302,1082ME
61,3371SX
9,4191NZ
3,5311PC
23,4196AK
1,4021CL
20,4051BW
4,4116CE
42,4211CC
46,5317KR
5,4001CH
11,3016GM
7,2952CA
32,1118LB
5,4043LZ
1,4241XS
10,5928NX
1,4191HE
4,4116CE
9,6669MH
6,5321JE
2,6659BP
19,5222BG
10,5928PN
15,5928RC
244,2142LE
2,3336LH
221,5928ND
2,5928LH
70,3316BL
17,5932CS
3,5801RV
2,5911JJ
25,5928PR
152,5928RH
10,5862AT
10,5928NL
12,5961PX
20,5928PL
60,5928PR
7,3195ND
11,6121RE
2,1118LK
10,5928PN
163,1075GX
32,5931BX
10,5928PN
8,5964PE
19,5993SL
16,5928PL
4,6598DL
6,5928LL
44,7587GA
6,5916RP
24,3088KA
70,1118LB
304,1017RN
3,5916LD
1,5986NT
63,5931HM
63,5931HM
23,5928PN
27,5922ED
19,5993SL
19,5993SL
15,5521DZ
5,3195ND
16,5928LC
33,5928LA
14,5928LH
21,1358CD
25,3165AC
21,5975RZ
22,5911CH
23,5928PA
21,6598DK
60,5928PR
25,5928PR
13,5807EW
38,6081PH
16,6006SM
1,5928LD
1,5813BN
4,6041AV
99,6071PX
85,5707LC
67,6065EM
36,5921JC
61,5931HM
59,5921KJ
46,5912HR
4,6014CA
111,5916PA
30,6043RM
65,6101BS
18,6001SE
75,5911GG
16,6081CX
2,6067AA
49,5802CB
1,5928LL
8,6082BC
166,5913XH
21,6003DK
12,5912JL
2,6082BC
107,3088GC
4,6199AD
4,6049CV
17,6019AA
33,6104AA
37,6031AD
156,6006AC
10,6088PA
2,6082BC
2,6003DB
16,6006SM
62,3089KR
9,6121RE
2,6082BC
71,6014AD
10,6051CR
20,6002SM
120,6002SX
51,6031CS
33,6031CD
194,6181MA
12,6135KH
16,6333AP
12,6135KH
52,2987VE
37,6136AK
11,6121RE
31,6465AB
45,6181DN
27,6442PB
10,6121PA
12,6411GM
28,6412PJ
7,4131LX
20,6361XN
54,6105BN
31,6199AC
57,6191RD
191,6413AE
56,6413AG
2,6941ST
41,6466NH
128,6411HW
62,6343PC
13,6199AC
4,6411KS
2,6241EL
5,6291BC
70,6199AA
1,6461KB
6,6135JH
9,5991NP
11,5768PD
1,6132BA
24,6365ED
148,6181MA
16,6199AD
29,1118LA
1,2742RB
19,5928RX
9,6121RE
25,5928LA
2,6361GZ
2,6101XH
54,6051AV
51,6415GE
39,6433KC
90,6191EH
1,6235NS
12,5912JL
24,6162KN
20,6229EE
27,6598DK
6,6464HM
83,5916PJ
7,6061DB
410,6181MD
1,6229PP
74,6222NV
10,6301CK
10,6041XD
1,6247EM
13,1211EX
12,3257LH
6,5349BG
4,5704RL
65,1118LN
15,8028PS
111,3542AB
17,5347KR
19,5347KR
17,5347KR
19,5347KR
5,5347KZ
30,5222BP
4,5411DK
15,5975RX
1,5347JM
43,5386KT
24,5482TK
13,5427ES
24,3606AS
2,3521CA
12,3542AC
40,5651GH
2007,6604LH
2,5807GB
2,4751XN
7,6422PJ
149,5235EC
9,4261KC
9,5258LH
3,1185XV
39,5342LW
39,5342LW
17,5051AA
7,5469ER
15,6836GK
2,4143HM
50,2408AN
83,5411AT
5,5657EA
64,5527LC
100,5504RP
36,5715PD
2000,5657EX
102,1101CM
2500,5657DZ
12,5651GL
12,5721VW
313,1431GB
7,5555XN
75,5757BJ
11,6021PP
7102,5692HC
33,3165AM
4,5694NN
34,5401PE
12,5667KX
9,5627GA
83,5575AE
73,5554SX
53,5691BA
9,6026PX
11,5531AE
70,5421RV
12,5657EN
14,3994DK
49,5684PH
2,5145NW
16,5145NS
1,5145NC
9,5047TM
14,5662TM
28,5451GV
165,5575AG
603,5462GH
2204,6604LD
3,5626BK
31,5651GK
63,5625CA
9,5262LL
6,6026VL
52,5236BP
10,5469EM
9,5916PJ
10,5405BW
6,5253RL
6,5281PL
2,5595XH
12,5347KM
3,5156NL
6,5661NG
57,5657EA
6,5236WB
16,5709RZ
208,5928RJ
6,5661NG
60,1332EJ
3,5632CW
15,1431BA
22,5262SJ
28,5451GV
4,5076SN
49,5688EC
112,5705CL
47,5721TZ
12,5651GL
9,5151WD
16,5482TK
30,5341GM
7,5731CC
5,5527CA
2,5581HE
195,5654AN
69,5401HA
6,5831WE
87,3445VV
53,5071RC
2,5349BV
4,5236TJ
4,5691GL
49,5688EC
78,5151HN
5,5384SW
13,5402HW
5,5408SZ
8,5521DE
45,5251LZ
55,5464PN
17,5741GK
1,5652LA
13,5441PB
2,5441PB
25,5845ET
15,5735KM
13,5346WK
25,5611AZ
5,5091BG
2,5595XH
2,5215MX
17,9645LZ
5,5753RL
14,5431NN
3,5632CW
2,5074PR
45,5712BA
21,5397GN
20,5754AE
5,5283PM
93,2627AT
50,4261BZ
59,3341LL
1,4283JL
5,5411NE
43,5014LT
9,5386EV
27,5221GS
2,5657ES
9,1118LP
14,5644HP
3,5397HA
9,5374CE
35,5651GK
2,5107RE
18,2411XD
36,5715PD
17,5215CS
14,4251GB
22,5076PZ
19,4264AT
113,5215AH
1,5151ST
30,5451NL
3,5343EV
45,5048AV
18,6026VH
199,5751KX
199,5751KX
19,5993SL
20,5482TG
26,5051DZ
8,5048AE
8,4825AZ
14,5126PT
45,5015BT
30,1118LB
41,3194AA
8,5111HJ
45,5015BT
9,5062AG
39,5091DH
483,5011SL
45,5015BT
13,5062TE
17,5071NC
14,5087MA
48,4631RM
51,4817BL
37,1101AH
6489,4836LH
28,5144NT
42,7961EA
51,5015BP
14,3991CS
29,1551ND
33,3194DA
19,4819AB
12,4251LR
14,5632AX
7,4921SH
39,4269VD
3,5145NP
5,5032MA
11,5032MP
4,5032MK
13,5047SX
62,4251XD
11,4921JL
229,3315NM
7,4283JE
7,4283JE
1,4251LR
5,5081EE
2,4856AC
86,5049NL
10,5145RG
43,4251NK
5,3161WE
19,4942VR
4,4251CR
18,4271XL
1,5048CD
11,4815NC
14,5121DC
9,6422PE
12,4251NL
45,5015BT
51,5021HK
44,2987VE
23,5161CD
53,4926ED
40,4706PB
1,4941TA
9,4931NA
29,5104JA
14,5158NJ
21,8251JP
23,4251NK
1,4251LK
7,5145PD
14,4283JG
3,5145NP
13,4251NZ
9,5141EP
12,5171PL
16,5145NE
6,4283GZ
26,4251XB
13,5317JS
151,4261AH
10,5151LM
10,4941DZ
26,5156CW
4,4926EG
5,4286LN
5,5145NA
12,6003DB
30,5651GG
1,5143EE
46,5658GD
6027,4836LA
41,4721AL
32,4671BG
5,4645HN
2,1118LK
15,4705RT
313,1431GB
11,3165AA
2,4283JH
14,4903PA
4,4761RL
545,4838ED
27,3045AX
2,4706PL
5,4903RJ
46,1505HH
2,4906AB
10,5928NL
1,4782SL
281,4835NC
3,4878AH
39,4705RG
6,4613BR
4,4706PN
1,4906CW
23,4706DP
6,4824AH
2,3286BT
32,4611HX
40,4707AG
11,4612RC
6,4703RB
49,4782PM
28,4782PM
28,4921PJ
24,4782SJ
6802,4836LK
19,4906CG
43,2984AN
36,4703RE
14,5087MA
32,4611HX
8,4782SG
14,4782PZ
59,4891XP
4,4661AP
26,4825BP
15,4705RT
45,4707AV
12,4791EZ
7,4703RE
93,4612PL
24,4705AA
2,4726SL
8,4847EX
6252,4836LG
22,4715TC
7,4703RE
8,4772PD
7,4704RK
7,3208LA
3,4909BL
4255,5503LM
41,4877LA
6389,4836LE
9,4782SM
12,4631NH
3,2181HG
193,4872LA
6,4782SK
2,2964AM
15,3316BB
6252,4836LG
6,4703RE
13,4631SR
48,3344AL
8,4651SZ
102,4702LC
5,4613BR
13,4751VK
33,4879NE
4,4791RN
28,4782PM
11,4611TS
19,4751XC
15,4703RG
9,4822PP
8,4641SH
13,4817BL
14,4903PA
28,4782PM
1,3115HG
9,4731TV
84,3084CB
57,4824BW
5,4891DZ
35,4761VH
5102,4814RN
200,1097JB
6,4782SK
151,3194DC
19,4906CV
258,4871LA
97,4707SH
1,4891BC
3,4906CJ
60,4706PB
37,4906CX
48,4708AL
39,4611HC
34,4871DC
2,5404ND
6041,4836LA
3,4611AP
106,3087AJ
19,4671JL
1,4782SL
2,4726SL
15,5145NP
6519,4836LD
36,4703RE
10,4791BE
2,4817ZR
76,5015BM
12,4791RM
6452,4836LH
41,4854AG
9,4661TW
920,1013BD
83,4651CC
1,4905BM
5,4825AZ
6,4782SK
14,4815PJ
106,3087AJ
32,4671BG
322,4834CP
52,4871JG
94,2984AB
44,4705RR
40,4611AL
15,4705RT
35,4704RG
27,4706JX
2,4612RC
39,4611HC
13,4905BK
50,4724SG
14,4645RB
1,3161GM
5,4711ND
1,4791HS
6802,4836LK
108,4902NS
10,4813HK
2,4389PH
40,4341MN
78,4871BP
15,4782PP
40,5062AE
10,5111HH
23,4904HV
10,4818AA
36,4844AK
8,6662DC
3,2984BB
1,4782SB
10,4907AD
4,4761RL
50,5928SC
1,5807EJ
42,5928SC
5,7041GD
30,6199AN
3,4551LA
30,4612PS
18,6199AB
31,1047HD
7,7041KK
8,4844PK
98,4708AM
19,4401NC
56,4703HA
15,2153PH
27,4782PV
18,4251NS
74,5145PW
150,5026RH
2,4871EB
7,4338PG
11,4761RG
6045,4836LA
26,4906CX
95,3072AP
26,4461XM
11,4641SK
63,4814TT
4,4782SK
1,4538AV
8,4538BL
4,4551LA
23,4538BV
112,4511PA
1,4551BV
2,4551MC
1,4538AA
17,4822NJ
17,4822NJ
14,4421PW
14,4421PW
24,4501BD
18,4538AH
17,4511AN
16,4587RA
14,4421PW
4,4527PA
14,4567BR
102,4511GP
44,4501PA
17,4822NJ
17,4822NJ
1,4542PM
1,4511HW
8,4417ER
12,4389PC
15,4455RZ
7,4301CV
5,3315DA
93,4381EV
6,4493PK
12,4401HZ
12,4401HZ
2,4424AA
4,4384KL
2,4455SZ
12,4401HZ
21,4387PL
12,4704RK
35,4389PC
1,4542PM
11,4542PS
17,4822NJ
17,4822NJ
1,4538AA
2,4612RC
24,4501LA
1,4542PM
4,6942DJ
10,4315CA
499,4389PA
33,4389PC
33,4389PC
2,4538BG
3,4455SZ
5,4511PA
33,4389PC
8,4538BL
7,4461AP
2,4455TM
8,4538BL
2,4389PJ
10,5928NL
497,4389PA
70,3197KG
2,4524BV
1212,1081LA
17,4822NJ
21,4527BD
88,1781AK
12,4401CG
9,4531EA
23,5126PR
4,4464JE
102,3062ME
434,2497TM
2,4455TE
7,4331NV
12,4401HZ
748,4382AC
7,3016CJ
1,4382NA
21,3042CH
22,2993LD
6,4207HZ
20,3244BH
175,3316AS
35,4781AH
8,3356LE
182,3331ML
182,3331ML
8,3286BW
88,3261AL
22,4175LS
5,3299AL
7,2995TP
141,3362SC
3,4131NT
11,3316BD
8,3267BD
250,3316LC
155,2957TD
13,3361HJ
100,3316AZ
68,3079JW
211,2952DC
32,3356LX
17,2953HC
25,3355ER
30,3355ES
6520,4836LD
110,4691TA
3,3311DH
120,3311PE
79,3328EC
160,3331MA
79,3328EC
86,3316GS
50,3316LE
77,3311TH
13,3161HK
428,3356XM
1,4283HP
24,2984AG
131,3734EE
150,3331MA
8,4231VH
53,3356LD
4,2971VJ
34,3016BC
56,3241LR
38,2954LD
2,3316GN
14,3297WB
5,3316BR
30,3311AW
1,3295LJ
16,5443PR
65,5685GB
10,3313ES
19,3089JH
30,3311AW
211,2952DC
466,3331LK
61,4207CD
16,2742MT
288,3072MK
9,4782SC
189,3111AJ
268,3331ML
45,3315BP
7,4131NJ
2,3344EM
27,3381KA
167,3351HM
15,4104AL
2,1118LK
84,2992XC
130,3012NC
1,3161GM
7,3342GS
18,2992SR
8,3286BW
6,3291CN
14,3316EL
7,2951TJ
5,4791VC
4,3011BT
1,3088GN
101,3198LC
8,1044AB
30,4906CX
1,3197LK
875,3199LD
68,3029AS
14,3011KA
71,3311JG
556,2263XZ
6,4824AE
1,5986PK
12,5928PZ
71,6716AE
10,7575DA
65,3089JW
300,1438AN
37,4389PC
6,6199AD
24,1078GZ
1,5032ML
5,5032MH
4,5032MK
31,5047RM
1,5928SG
4,5032MJ
6,3521AL
10,3084BA
7,2991LS
10,3089JC
20,3047AL
14,3088EB
199,3199KA
75,3198LS
19,3089JH
77,3087BM
28,3331MK
15,3316BB
93,3072AP
17,2404CB
2,9601MC
135,3194AB
2,3161WD
12,2678AG
2,3161WD
270,3011XZ
8,1013BL
83,3316AK
20,3176PD
23,3115HC
21,3115HC
11,3055LA
62,3113BD
4,3331LL
77,3087BM
35,3047BL
8,1118LB
11,3197LG
3,3208LA
20,3029BE
30,2132MR
342,3012NJ
11,3208KH
1,3088GN
12,3088HH
40,3077AL
164,3194AM
81,3165AM
161,3071NR
50,2987VE
21,3089JH
8,3133KT
2,3161WD
815,1077XX
4,4782PP
44,3062SH
270,3011XZ
2,3016BB
107,3088GC
1,3088GN
15,3195KN
58,3089KC
5,3016CK
89,3316AK
6,5928LE
41,3165AM
1,1437EP
20,3176PD
159,3192NB
56,3311TH
398,2983GS
44,3197KJ
182,2901HC
41,3012KD
35,3024EA
1,1437EM
1,4782SM
313,1431GB
5,3196KC
40,1118LD
65,1118LN
50,1951NE
4,3161GL
8,2984BM
9,3199KD
20,3176PD
77,3087BM
42,2909LE
4,1044AE
77,3087BM
45,3012CA
30,3311GX
3,3011RR
85,3081AB
7,3161GR
155,3087AG
42,3011XS
20,3176PD
12,2491BG
10,3016CK
3,2984BB
111,2132LS
268,3197KV
190,3011KD
46,3194AC
45,3013AK
130,3062MB
4,3087BL
5,3161WE
57,3088GB
200,3316KE
26,3241LS
1,3247CP
3,3011WG
505,3013AL
1,3161GM
5,3214VR
85,3081AB
118,3037GL
2,2651LV
67,1438BD
30,3062ME
30,3196KD
8,1013BL
30,3196KD
6,4782SK
8,2984BG
742,2909VA
742,2909VA
65,2908LV
100,3062MB
2,3198LG
11,3088HG
8,3115JE
20,2984AT
136,2983GM
211,3081JN
910,3199LC
40,3011XB
65,2908LV
53,2992LC
21,3089JH
144,4818CP
20,3176PD
350,3331MC
9,3237MG
45,2803PE
13,3361HJ
26,3087BP
13,4389PC
134,3055KL
7,3161GR
30,3196KD
5,3016CK
115,2909LE
806,9728BM
50,3197KG
742,2909VA
40,3079DN
15,3161GN
2,4791RN
1,3161GH
742,2909VA
95,3012KG
87,3198LB
30,3089KK
1,3208LA
2,3161WD
45,3012CA
31,3077AP
11,2803XR
9,3029BP
30,3089KK
15,3161GN
51,3161EB
5,3161WE
67,1505HJ
1,2909LK
6,4782SK
111,3087AE
3,2661TN
742,2909VA
505,3013AL
30,3089KK
2,3016BB
35,4472BA
20,3176PD
4,2803XP
7,3087CC
228,3065WB
40,3011XB
24,6222NE
1,2909LK
42,3088HD
5,4631SM
4,3083HH
2,2904SC
21,4389PC
5,2993LD
171,3012BB
190,3011KD
43,2984AN
211,3081JN
35,3366BM
1,1118LK
378,2983GS
1,1135GB
2,1119NV
10,4782PM
22,3011TA
170,3197KV
270,3011XZ
2,3261KN
30,3016BC
38,2991WD
20,3062MB
11,1118EE
59,3088GB
59,3088GB
52,2987VE
2,3165AL
8,3199LW
94,3199KZ
10,3199KR
17,9936BP
8,2994LD
37,3011AA
119,3071NK
1,2909LK
1,4782SE
26,2991LH
6,3016BD
7,3161GR
126,3342LG
97,3022CB
6,3059SR
85,3087BM
35,5928PH
1,3165AM
27,2719KL
1,4455TT
42,3011XS
742,2909VA
31,3077AP
101,2771DS
86,3197LH
1,2908LH
41,3194AA
35,4782PM
148,3331MA
95,3012KG
211,3081JN
268,3201LW
2,3016BB
127,3087AE
2,6541BW
9,3125BS
7,5986PM
3,5986PM
15,5628WB
32,5651GG
5,5684PB
20,4622RD
8,8263CG
8,8013RC
20,6121RE
1,4751XK
2,3433KN
3140,6604LV
3142,6604LV
3,3088HE
34,2991LR
16,3223PA
12,3088HH
5,3161WE
5,2992KB
61,3088GB
30,2404BR
56,3014ZS
107,2511DP
28,2984CD
22,1119NS
372,2983GR
46,3316BP
17,3055WV
2,3341GX
47,3087BW
2,3165AL
18,3261PX
20,3356LK
32,3331ML
12,3088HH
215,1119PD
16,9217RN
700,3083AS
77,3087BM
27,5651GG
2,3905NN
38,5804CD
5,3161WE
2,3161WD
19,3089JH
11,3165AA
44,5048AN
3,3195ND
30,3209BK
25,3223TL
31,3121XJ
6,3087AN
48,3708ZS
23,3114HC
13,3161HK
10,1044AB
20,4453VJ
12,3044CA
11,3012VG
12,3088HH
30,3016BC
8,9979XJ
21,3089JH
102,2661CV
186,3021DM
10,3221CB
52,5928PR
31,4765BH
155,3087AG
365,1437CG
85,3081AB
14,3233AM
700,3083AS
3,3208LA
10,5928NL
85,3088GE
1,4782SL
499,4389PA
16,5916RP
24,6199AC
4,6921RZ
28,7587GA
17,9645LZ
15,3016DE
15,3161GN
17,3201EJ
8,3011KA
53,3171EB
147,3036HJ
16,2984BA
106,3087AJ
2,3161WD
200,3073GR
560,3084CB
560,3084CB
560,3084CB
14,3011KA
1,2908LH
2,3194DE
7,3051BP
34,3074JB
10,3016CK
5,3161GR
35,3121XB
20,2661CP
253,2901LB
21,3089JH
7,3016CL
15,3197LG
62,3125AE
10,5928NL
78,3088HD
48,3088HJ
10,3194DJ
236,3067GJ
54,2992XC
22,1013BL
62,3125AE
8,3232HE
74,2992SR
33,3194AR
41,2992LB
700,3083AS
12,5171GB
48,3088HJ
20,3176PD
83,3072AP
66,3361HS
42,3201AB
170,3197KV
231,2902XE
17,7483PG
240,3197KV
10,2984BT
40,3011TA
64,2992XC
12,3088HH
50,3144EG
8,3135CD
60,3233SE
24,2984AN
18,3125AN
57,2992SB
30,4782PM
1,4761VD
4,3331EE
5,3197KL
3,3208LA
21,3089JH
4,3198LH
1,3199LL
24,3133LA
3,3133KT
33,3047BL
19,3134KG
7,3208LA
33,3131KZ
4,3197KJ
12,5657EN
50,1118LB
2,3045AK
9,4731TV
61,3088ED
28,3208KH
37,3181HK
5,2992KB
10,4617NX
35,3231AR
14,3232BP
2,3201AX
3,3198LR
84,3197LH
20,3197LE
24,3133LA
2,3261KN
12,3088HH
219,1118BH
95,3012KG
75,3196KH
98,3044BB
53,3088ED
1,2921LA
27,2676LM
25,2676LM
4,3087BL
57,3088GB
48,3088HJ
218,3012KP
216,3012KP
40,2991XV
3,3142GD
43,3089JD
177,3027BJ
33,2988BA
20,3281NG
6,4794SN
2,3281LS
5,4041AC
74,2992SR
20,3176PD
50,3161KG
61,3077AG
29,3161GJ
19,3089JH
52,2987VE
10,3021BN
33,2903LR
34,2952AS
19,3089JH
10,4455TE
6,3233CH
1,3208KP
75,2925VB
45,3012CA
110,2913LV
60,3079DN
115,2909LE
30,3137DL
26,3035GD
19,3089JH
2,2988CM
77,3087BM
24,3133LA
190,3011KD
190,3011KD
190,3011KD
173,3194DC
17,3088HG
186,3021DM
161,3071NR
52,2987VE
301,3222KE
14,3088EB
365,1437CG
14,3088EB
2,3133KW
2,2132WS
74,3041JA
13,3161HK
12,3088HH
30,3355ES
142,3331MA
21,3089JH
9,3134LV
17,2984BT
11,3165AA
25,3133KJ
118,3198LS
5,3047BR
21,2681NN
13,3065PE
63,3088GB
62,3161VG
14,2993PX
2,3208KH
30,3089KK
62,3621BR
1,2987AG
28,2984CD
50,3197KG
13,3161HK
24,3088HE
35,3053JR
106,3311NZ
14,3088EB
5,3161WE
40,2761JP
13,3161HK
3,2984BB
7,3016CL
20,3176PD
20,3176PD
29,3165AA
7,3161GR
10,3016CK
77,3087BM
107,2925EK
116,3012NC
1,3161GM
20,3311JD
2,3165AL
13,3171NC
2,3016BB
2,3016BB
2,3016BB
21,3089JH
20,3281NG
6,4794SN
21,3089JH
21,3089JH
5,3196KC
37,1118LA
3,1786PB
42,3133EN
2,3165AL
2,3194AP
45,3013AK
4,3045PV
9,2992SP
16,2994LD
46,4824AC
204,3197KV
48,3088HJ
41,3194AA
205,3027HV
81,3197LG
16,3088HC
2,3161WD
109,3081BJ
8,4782SC
83,3072AP
116,3063GD
180,3012KN
2,4791RN
10,3016CK
32,3832RC
27,3252LA
16,3161ED
202,1118LN
7,3016DE
3,3208LA
291,3328SV
117,3087BK
226,3331ML
39,1602ML
20,3176PD
2,2676LL
2,3281NB
5,3016CK
51,2907AX
4,4791RN
8,4906CW
17,4906CX
37,3194DH
3,3208LA
81,3197LG
3402,3205EK
2,4791RN
2,3281LS
42,3016BC
80,2652XL
23,2676LM
23,2676LM
51,3161EB
123,2151GP
12,3088HH
25,3133ES
27,3088EC
1017,6546BB
53,4033KD
22,3133KS
38,3013AP
2,3201AX
84,3084CB
80,2181BT
42,3016BC
5,3161GR
6,3197LD
6,3197LD
6,3197LD
19,2242HK
27,3223HB
301,3222KE
63,3088GB
97,3244AM
24,3079DB
85,1119PA
77,3087BM
12,3089KC
20,3176PD
4,3011VZ
47,2906SC
27,1175RK
130,3012NC
2,3016BB
213,3062CE
526,1023BX
742,2909VA
17,2984BE
14,3011KA
24,2901JV
19,3336LH
5,2992LA
33,3131KZ
14,3208KB
24,3055LE
59,3204BP
2,2994LD
19,3089JH
45,3013AK
7,3051BP
2,3016BB
32,4818CL
18,2992LA
59,2611RV
1,3161GM
15,3223WE
107,3088GC
6,9563TV
190,2988DC
700,3083AS
70,3084CC
20,2132WT
23,3352XE
14,3054CH
15,3161GN
28,3077ZE
24,3088HE
16,3089JC
20,3176PD
20,3176PD
100,3062MB
19,6931EZ
4,2984BG
32,4818CL
16,3261LX
21,3089JH
1,4761VD
11,3165AA
2,3165AL
31,3165AA
4,3336LA
1,3161GM
21,2132JA
62,3341LJ
405,1442LB
264,3201WP
11,3165AA
201,1118DW
6,4782SK
21,7742PT
19,6921RE
69,2991XR
57,2761BR
61,7991RT
11,4611TS
49,4782PM
25,3223TL
151,3194DC
21,3089JH
11,3088HG
80,3029AK
875,3199LD
35,3089KM
53,3196KH
7,3196KC
7,3196KC
5,3196KC
3,3208KP
4,3281TW
16,3064LT
41,3194AA
57,3077AS
11,3241MD
1,1951JZ
57,1014BA
129,2905TZ
14,3161ED
59,2821LA
111,3063GD
119,3071NK
2,3161WD
7,3072DE
240,1101EE
111,3087AE
3,3233KK
10,2984AT
20,3068MV
24,3133LA
24,3161ED
3,2871RP
502,1047HB
3,4761RL
3,4761RZ
124,2974VH
90,2909LC
3,3116HB
4,3089JC
21,3089JH
350,3331MC
43,3088GB
699,1017JV
7,3087AB
26,3053JV
39,3088GB
27,3355BH
10,2921LA
55,3088HE
7,3051BP
12,1119NR
51,2723RB
10,3151HS
18,3125BC
20,3011RG
15,3161GN
206,3197KV
11,4921ZA
875,3199LD
875,3199LD
9,3115JD
24,3291CK
41,3088GB
10,5581CZ
66,2991VD
2,3045AK
497,4389PA
63,2992CR
20,3176PD
6,3244LC
61,2991LJ
38,3336LP
56,2651AV
21,3316BB
9,4931NA
25,3223TL
40,2991LD
7,2952AP
151,3194DC
6467,4836LH
1,1118EC
16,3165AL
20,3176PD
6,3161GD
46,2907EA
28,3341GK
78,3135NS
16,3011TA
83,3316AK
3,4202MS
11,2922EN
28,3208KH
64,2741EZ
7,3114HB
7,3051BP
875,3199LD
33,4389PC
4,1044AE
77,3087BM
1,3334KE
162,3045PD
162,3045PD
100,3316AZ
22,2954CA
3,3197LR
1,3331ML
35,3047BL
158,2517KP
12,3233BZ
192,5928RH
2,3115HH
182,3331ML
19,4906CG
46,3047AC
184,3197KV
1,3181HX
262,3021HR
24,6222NE
41,3088GB
4104,5692DC
1,4791PB
115,2909LE
199,3161PG
68,3281NC
7,3161GR
742,2909VA
742,2909VA
34,3054EL
41,3194AA
7,3161GR
6,4202MN
5,3161WE
77,3087BM
45,2982CH
44,3197KJ
742,2909VA
80,3197LH
15,3089JA
33,3131KZ
2,3194DE
17,3117VB
1,1118EC
1,1118EC
56,3237AX
12,3011BL
2,4202ML
43,3089JD
73,2907LH
24,3088HE
9,1118EE
7,3115JC
61,3088GB
71,3311JG
15,2902BR
57,3088GB
23,4782PP
20,3176PD
6,3208KE
96,2991CN
83,3087BM
742,2909VA
20,3176PD
41,3014AK
183,3197KA
14,3011KA
110,3331MA
28,2992ZX
10,3195KN
8,3067BW
17,3114SW
22,5753RC
6,3087AN
71,5342LW
30,3199LB
20,2993LE
9,3115JD
1,3165AA
538,2903HK
14,3233AM
1,3248LK
14,3011KA
24,3161ED
12,3067PR
9,3053JV
25,3335DB
26,2991LH
19,2408CW
12,3113AR
84,3065SN
53,1505HJ
466,3331LK
21,3088EA
5,2907ZA
10,2652LE
17,2951SX
76,3299AH
2,3352XG
280,3012NJ
150,3012KM
48,2651AV
5,4791VC
41,5465PX
31,4765BH
54,2992XC
36,3059TA
11,2952AV
51,2908KB
14,2665RM
2,3016BB
11,2991LG
1,3224HA
3,3208KP
300,1438AN
1,3233LM
45,3013AK
12,4762AE
100,3145SZ
7,1118DT
207,4794AK
27,2982BA
32,3089JA
42,3111PH
5,3196KC
14,3011KA
33,3165AA
123,3083ZH
1,3161GM
20,2993LE
24,3133LA
81,3087BM
44,2761DP
9,3223PP
6,3197LD
20,3232BL
30,3336LE
35,3342GE
6475,4836LH
19,6931EZ
32,3162XH
2,2921LB
99,2652KA
1,2831XM
1,3316AX
73,3162TM
35,3089KM
1,3261PC
44,3011XS
6,3161GL
742,2909VA
742,2909VA
763,3011BT
2,3165AL
2,3194AP
35,2665VK
1,1437EP
12,3088HH
2,1118LK
366,2983GR
5,2132HN
30,3355ES
21,4565ER
59,4797HJ
2,3016BB
153,1438AX
57,2992SB
4,3257AG
29,5236SJ
3,3133EB
22,3218BJ
81,3023JA
97,3012KG
1242,2909VA
22,3044AW
87,3133AV
110,3331MA
15,2991LE
2,4328PN
80,2901RD
15,2902BR
2,3352XG
24,4903RC
4,2802AN
24,2841EB
68,2994LD
45,3013AK
16,3194JX
8,3016BB
52,2987VE
16,3208LD
300,3316LB
16,2984BA
29,2132MT
16,2987VD
75,3079WC
6,2991XV
2,3161WD
20,3271VJ
28,3087BP
25,3133KJ
37,3088GA
40,3044CK
115,2909LE
199,3054AE
13,2771VN
23,3315TX
4,3342GR
53,3196KH
248,3067VC
87,3133AV
31,3115HA
9,2991LG
12,3284AS
66,2991VD
155,2913LV
24,3363KH
61,3088GB
88,2991CN
109,3341LW
2,4791RN
2,3291LT
366,2983GR
13,3274KK
11,2911BL
33,3335LR
23,3335LR
14,3295PG
70,3084CC
70,3084CC
83,3316AK
6,3161ED
16,3371RM
66,3124VC
240,3197KV
1,3044AK
133,3059XA
109,3341LW
3,3732HX
88,1118LB
11,3088HG
12,2994LD
73,3314TE
111,3087AE
268,3311HK
170,3071NS
12,3062RH
50,3316BG
26,3087BL
15,3281HA
12,4871NV
1,4791PB
72,2992SR
2,3016BB
2,3016BB
199,3054AE
348,2951JG
8,3059RP
28,3342GE
19,3371XA
1,2802AC
22,4424NC
16,3162RB
150,3331MA
2,2969CC
102,3233AH
22,3465KE
68,2804NV
12,3088HH
41,3194AA
43,3055PB
27,3252LA
33,3068JN
359,3125BJ
39,3088GB
13,3088GN
33,3342GL
95,3132GM
15,2902BR
84,2678HA
12,3088HH
15,1118LA
15,2908LT
63,3044CJ
12,2952DA
1,3161GM
3,4652GE
7,3195ND
58,3284KT
23,3011SK
10,2964LE
45,3331LD
12,2994LA
20,3342GT
15,3087BG
25,3133KJ
98,2922VG
2,3016BB
2,3016BB
16,2993LD
1,2935WV
18,3171PJ
72,2992SR
26,3297LC
12,3088HH
21,8071JG
37,3248BA
34,3371HJ
45,3088HE
101,3181XK
28,3208KJ
3,4941TA
136,3354VD
11,3361CG
2,2991EM
41,3088GB
39,3088GB
37,3089KA
48,3241DC
136,5928RH
46,3016BC
28,3291CE
134,3194AM
29,3194AR
149,3271KB
35,2904SE
33,3034BB
30,3027AR
116,3063GD
72,3084CC
57,3088GB
24,3088HE
1,3252AH
228,2986VR
466,3331LK
466,3331LK
18,3328DA
119,3341LW
10,3089JK
49,3161LV
61,3031BB
2,4791RN
2,4791RN
2,4791RN
430,2952DE
50,1119PE
211,2952DC
2,3261KN
39,3088GB
21,3342GT
12,3233LK
40,4209DB
11,2351CL
466,3331LK
17,3082ZA
20,5253CA
613,3065SC
37,3011AA
10,3261SX
466,3331LK
29,2675KB
8,3232HE
3,3255NB
48,3207RC
2,3088HH
1,3087AM
12,3113AR
95,2901TA
79,3087BM
12,3194WN
595,2741PT
29,3262AA
10,3221CB
26,1339CA
190,3197KV
17,2901EP
34,2991LR
91,3081NG
1,3161GM
830,3032AL
12,4871NV
12,4871NV
466,3331LK
16,3115HB
24,2984AG
25,3133KJ
41,3194AA
30,3089KK
167,3316GZ
38,2914BN
27,2986BG
138,3353GW
559,2287AJ
3,2583CL
57,3134ZB
127,2514AM
38,2583DK
10,2267BE
90,2525NE
3,2583CL
43,2548JE
20,3134KL
2,2514HP
72,2525EL
52,2153PL
41,3194AA
50,2595AR
6,8331VA
27,2723AK
37,2242VR
9,2492LX
47,2562GH
25,2242RD
71,2583JV
5,4709RM
15,2291PA
6,2627BP
86,3481HG
57,2625NV
8,2288GM
14,3077AL
17,3151ZJ
29,2675KB
136,2561XC
40,3071NB
20,2641KC
19,2728GC
80,3029AK
38,8311PP
65,2407BE
22,9206AT
4,2641ST
3,1115BJ
20,3088GN
8,4782SC
12,2678AC
13,2641KP
19,2988AT
8,4782SC
43,2665PC
151,3198LS
11,1115GW
55,2676LM
5,2295NN
20,3197LE
6,2622JZ
224,2665MR
85,3089JD
1,5256PK
22,2719JX
20,3197LE
30,2516BD
242,2685DC
51,3155GL
31,2641KS
131,2712XK
37,2574KC
45,2665KN
22,2719DA
18,2548SH
18,2631WL
60,2718SG
105,2651LG
11,2266NA
20,2641KC
1,2908LH
49,2651KR
101,2909LE
14,2545WE
12,2406XL
14,2522EP
7,2493ZV
23,1019RL
252,2526VL
434,2525WV
12,3113AR
120,2988DC
11,2266NA
11,2266NA
4,2241WJ
83,2497NB
5,3237MB
76,2627AN
9,2722NH
252,2676LV
16,2493WB
11,2665WB
10,2665KN
415,2676LV
9,2671ZN
9,2492WE
4,3045PV
46,2282XV
71,2676LS
176,2665KH
65,2718RD
221,2511BP
132,2583DX
35,2678BA
87,2312XT
44,2671AS
24,2675WX
7,2295RH
12,2211SK
11,2671HW
9,2404CB
7,2691AX
26,3085KA
39,2496XW
2,2665MT
5,2408AP
8,2161LE
948,2136NH
77,3087BM
44,2291RL
305,1118BJ
135,3047AT
5,2722PX
18,2405CK
14,2512PA
8,2691NL
32,2692CM
211,1013AP
160,2593VP
13,2231MJ
394,2676LV
5,2651KN
431,2676LV
313,1431GB
433,2161DB
10,2678PS
3,1118EC
1,2525KC
108,2712XP
393,2571PN
8,2273AD
63,5047SE
3,5925BN
10,2493ZW
30,2678PT
4,2275CH
24,2321GK
2,2716BX
4,2391PE
3,2731BR
52,2171AM
23,2382NS
22,2318BZ
52,2343LB
7,2181AK
5,2421LR
3,2181HG
30,2182BM
35,2222AG
50,2408AN
51,2451BB
4,2181HA
1,6628KB
28,2481AE
4,2311VW
17,2161LE
59,2441LC
39,2201AA
73,1013AP
68,2404HN
15,2451VV
21,2311PK
50,2408AN
39,2201AA
4255,5503LM
35,2381LR
433,2161DB
2,2222AV
31,2251TN
3,3208LA
50,2408AN
10,2171TW
700,3083AS
15,2221WC
32,2403EX
16,2171LW
132,1111RN
10,1187ZZ
39,2201AA
5,2382EJ
137,2404HH
72,2401MZ
68,2352XN
32,2315SR
10,2408AW
5,2391PM
40,2406KT
7,3565CK
13,2742RB
63,2211WH
39,2201AA
2,2461EM
30,2254AG
4,2411NH
225,2396AS
10,2411PR
138,2353DW
2,4814DB
117,2371BT
3,2771AE
3,2408ZC
38,2408AN
6,2315SR
77,3087BM
63,2211WH
10,2731BR
30,2771DA
125,2593BM
30,1118LD
98,2371DH
254,3011XZ
11,2182DV
25,2161AS
9,2405CC
3,2031BJ
31,1118EE
12,2235DK
42,2201GN
121,2861AN
10,2821AT
14,2771CE
73,2941AS
199,2941BK
22,4175LS
2,3297LG
7,4651ST
99,2741PH
595,2741PT
14,2913LP
22,2742LC
1,2802AE
194,2665LE
232,3067GJ
2,2861DZ
6,2914KK
1,1531MG
11,3165AA
115,2913LV
27,2931LC
14,2771CE
2,2861DZ
2,1687JB
57,2761BR
5,2964LE
11,2742RB
37,3088EC
45,2931LC
16,3545NJ
23,3738EV
18,3991BR
5,3401MX
14,3417XS
79,3602AJ
31,4941VX
1,3417XS
64,2741EZ
47,3474HS
4,3903LJ
66,3434KW
1,3417XS
1,3439MX
193,3921AE
18,3621LV
23,4704RG
1,3821BR
2,7554TS
20,5651GG
25,1047HG
42,3903WH
19,3905NA
95,3411EG
53,6661KC
1,3528BA
12,3901HA
195,5654AN
91,3543AC
9,3961TJ
36,1396JM
5,3542AH
5,1069CD
18,3534AM
5,3621LP
36,3411JG
10,8263CB
22,3641SB
76,3433DJ
98,3981AS
81,3958CB
4,3446CC
30,3528AE
3,8441BH
2,6131AS
61,6412AA
27,6221BT
5,6512AA
8,6041GN
2,6131AS
1,5913AA
12,3901HA
11,8271RA
8,3454TT
30,3403NJ
213,1118AV
35,3906BA
8,3821BR
9,3734GG
31,7963RS
5,3634AA
90,3401NZ
224,3523VR
15,3904HG
26,6581WZ
57,3525VN
7,8211AA
15,3449HW
4,3602AE
11,3602AG
40,3641RR
15,4051CG
10,3738DE
19,3411AX
8,3903CP
38,3011BM
766,2132NM
16,4131PB
2,3437VA
45,1391SL
313,3722XM
4,5482MA
12,3439LC
2,3411WS
19,6921RE
66,3632WJ
12,3953BR
14,3461EA
35,3454CL
14,3411BP
6,3411CD
50,3911VE
73,3411AR
25,4122GJ
48,3825EM
21,7587RM
17,4131NR
32,3832RC
15,7942JC
4,3821AH
7,5663PG
51,4817BL
4,3751LS
43,3971MB
131,3513AD
76,3981VC
38,3011BM
16,3648NM
2,3446BM
25,3053JD
5,9944BT
5,9944BT
224,3905LT
4,3606AB
5,3442AG
5,3417EV
71,3526KT
369,3405CM
12,3903AZ
6,3971HN
98,3527KR
14,3905TG
16,4131PB
179,1101CN
1,3542DW
20,6199AB
5,3832KP
19,4561BE
58,3451ZC
20,4124BC
8,3993DV
4,5951DL
111,3454EK
46,3454CR
22,3738CR
23,1118LA
63,3044CJ
12,3439LC
66,3972TC
2,4143HM
122,3405BG
2,5317JX
4,3447GS
21,4126RT
1,3402AS
28,4023AB
54,3971AC
24,3297VA
255,3523PH
7,5321HH
33,3534AM
15,4051CG
18,3515XL
33,4004LK
63,3947MB
7,3433PH
4,4126RC
20,3421TV
4,3621NS
5,6629AM
111,6657AR
75,4041EA
85,6658BC
34,3992LS
11,3704HA
51,3972RK
29,3903KE
3,3481LK
80,3931MT
5,4004JM
44,3927GG
51,2723RB
1,6612AE
54,3752HC
76,6824BM
164,3791PM
700,3083AS
48,1394PC
16,1394AV
41,1272ER
17,1216BC
12,1243HV
29,7325WZ
23,1382LG
24,3762EC
16,8102CC
42,3454PE
11,3812PX
9,3927GG
76,6545AG
47,6716BZ
2,3927CN
30,3741WD
100,3765ES
9,3821BN
10,3897AC
22,1251LL
47,6716BZ
38,3755BB
23,1394AS
23,1394AS
62,3899AW
21,3927GG
124,1071PL
9,5916PJ
23,1401GC
24,3762EC
34,1412GP
1,6211GZ
163,1223JE
62,3743KM
11,2722NA
25,1394AC
10,3824MR
34,1276AC
20,3862JG
36,1101AH
1,4131PD
8,3925RJ
116,3953MJ
42,3823GA
2,4751XK
90,1402NW
14,3755BS
47,6716BZ
5,3743BK
27,3861RJ
1,3813EE
27,1251MA
72,1338CC
33,3454PJ
14,8231KD
24,1338TK
1,8255JG
1,8255JG
30,3861LH
64,1213XE
13,3812GZ
39,8243PG
10,1047BJ
184,1506EK
10,1047BJ
13,1042AN
77,1101CX
181,2106MH
4,1042AS
124,1078EN
183,1051LJ
36,1042AA
36,1042AA
5,1047HN
2,3161WD
13,1042AN
10,1044AB
13,1042AN
6,1118AP
228,1017AK
28,1044AL
12,3165AD
22,1013BL
35,1047BP
243,1118AV
2,3261KN
115,8254KB
1,1046AW
2,1185ZP
3,1047BE
50,1118LE
64,2121VK
13,1506RZ
12,1079WC
80,1047HM
122,1022AG
20,2661CP
5,1101EZ
18,1111VL
4,1042AB
100,1047HM
52,2987VE
2,3165AL
18,1432JH
4,1013BT
207,1213TR
12,2491BJ
19,3089JH
10,1044AB
2,4814DB
28,1191AC
28,1191AC
110,1112AP
261,1024KM
238,1101CM
28,1191AC
1,3161GR
189,1015MA
32,5222AL
48,1013BM
8,3016DE
526,1023BX
116,1051LJ
1,6598MH
21,5928SJ
37,1119NG
36,1042AA
36,1042AA
111,2132LS
444,1017BZ
80,1047HM
17,1046AR
80,1047HM
4,1059VM
110,1118AS
2,5928LH
36,1042AA
13,3161HK
12,7207GL
112,1066ML
249,1432CM
1,1118EC
50,3194AB
124,1011AB
4,1045AL
95,1112AW
8,4131NJ
36,1042AA
2,8411WK
7,1083HJ
1431,1077XX
371,1508WN
105,1042BB
47,3115JD
4,3194AB
14,1422AD
14,4184EW
333,1077XX
1,1383HT
33,1625NW
28,1191AC
36,1042AA
1,1042AA
20,1327HA
4,1042AS
3,2408AX
2,5928SJ
125,1056RC
1431,1077XX
44,1942AR
21,1014BA
553,1023BS
168,1013HB
17,5651GG
5,8028PK
9,6921RG
27,6422PE
54,5657EB
87,1541AN
46,1505HH
30,5341GM
271,1432KB
63,3088GB
2,1438BB
19,1033SN
13,1054AH
9,1101BA
55,1975AG
1,1972LV
1,1118DT
17,1948ND
31,1013BE
182,1118LN
13,1175RB
126,1077XV
24,4501BD
30,1948PV
39,1975AG
6,5657ES
32,6199AD
17,1437EK
42,5048AZ
495,3016DR
15,1437EK
172,1119PS
313,1431GB
202,1118LN
2,1118DS
35,1942ES
6489,4836LH
71,1119MD
100,1781AR
1,1118EA
44,3165AB
24,1119NL
40,1118LM
202,1118LN
327,1171VC
10,1976BV
2,1118EB
27,6199AC
7,1437EK
1,4782SM
22,3044AW
42,1118LB
7,2153GB
9,1948NP
30,1948PV
36,2156LE
313,1431GB
202,1118LN
42,1118LM
6,2131GK
16,3089KG
202,1118LN
2,8171MB
118,9207JD
2,3045AK
3,2231BZ
1,1118CL
26,1117BC
47,1118DT
1,1118LC
337,7524PT
5,5684PB
20,5913AE
39,2152CW
103,2406BE
18,6199AB
70,3316BL
45,9761TA
300,1438AN
2750,5657DZ
27,3088EA
44,1118LM
202,1118LN
83,3087BM
300,1438AN
1,7271AZ
42,1012DP
31,1119NT
17,8932HL
6,5234GM
31,1118EE
19,1042AC
24,1119NL
31,2133JN
2,1118LB
22,2984BT
8,1119ME
2,1118DS
16,1047HP
12,2984BT
2,1103TL
20,1483GB
11,3165AA
53,2645BS
8,2111TB
7,5928PE
101,1118DP
111,2132LS
27,6191NC
4,9301ZS
32,7327AC
18,3542AV
78,1118LB
11,3165AA
43,2101JB
1,2153PL
90,3012KM
79,1171GJ
38,1118LD
17,1171WN
303,1171VC
8,4131NJ
11,1119NT
25,1118DT
17,1948ND
219,1438BG
11,3195ND
10,3088EB
3,2153PH
250,1101BV
1,1118EC
235,2135JZ
50,2153PL
2,2134XN
223,1438BG
10,1681NN
34,2211JT
3,1971KM
50,1118LE
2,2993LE
1,1437EL
23,1911MP
7,1948AB
1,1851EE
10,4455TE
19,3089JH
3,1951NK
4,1976CB
5,3199LS
250,3088GD
4,1118DS
469,2685DE
90,6199AD
11,6045GX
57,5657EA
8,5928LR
3,6075NL
6,6045JL
45,1119NK
158,3194AM
9,5928LH
22,5928LE
48,5928SC
28,5928LE
1,6045GW
26,5928LE
5,6075NL
12,1118LB
34,1118LM
1,1566AW
365,1437CG
273,1435CJ
1,1118CL
30,1118LD
5,5753RL
87,1161BW
35,6191SB
1,1175RB
685,1435BZ
34,2041CZ
50,2153PL
8,1118EE
205,1973BD
34,1262AC
1,1951NH
50,9521AT
35,2191AC
7,1119NN
42,1121MB
343,1118DZ
365,1437CG
365,1437CG
155,2033WK
190,2132PZ
12,5657EN
2,1976BS
27,1118CB
19,1433NC
766,2132NM
30,1119PV
72,3197LH
213,1119PD
4,4782PP
31,2131HB
17,2161LE
16,1976AC
100,1047HM
313,1431GB
9,1438BA
3,3208LA
50,2153PL
300,1438AN
401,1117BM
2,6902KG
57,2391AB
34,1943DE
150,5026RH
585,2132NA
20,2132MR
17,2161LE
18,2992LA
152,3522JB
80,1047HM
58,1402NV
20,1047BM
10,1044AE
91,1435CH
2,1948RG
19,2675AM
248,2132BH
31,1541GH
83,3087BM
15,1019BT
19,1096CJ
21,1118CB
11,2311GN
24,4612RC
79,1213TM
2,3905NN
27,1019BR
15,1014AR
17,1432JH
38,1118LD
9,1391JP
460,1072MG
4,1181VX
22,1948RH
30,5271RS
73,1462HD
105,1119PA
38,1118LD
6,8771KE
1,1118CL
2,2131HG
313,1431GB
7,1437EK
56,1061WB
365,1437CG
61,1067JB
12,2132VZ
80,1047HM
40,6681LN
2650,1967DD
7,2153GB
38,2024RV
130,1057BH
42,1326MB
40,1103GH
28,2131HC
152,1438AX
107,1111GM
24,1187VX
709,1115TT
33,1324KC
5,4631SM
35,3197KM
2,1437EL
50,3194AG
164,9541LE
10,1044AB
268,2032EK
212,1975BJ
204,1186RL
24,1121DJ
2,1047HS
96,2135VA
36,1042AA
14,1046AG
31,1043BK
52,1721AL
85,1043AM
39,1047HJ
2,1047BJ
14,1047BE
152,1438AX
20,1948AP
152,1438AX
1,4927RL
63,1119MD
120,1043EJ
37,1014BA
9,1566JN
5,1118LM
1,5321JA
101,7322BC
1,2153NB
17,1432JH
26,2132MS
333,1077XX
333,1077XX
333,1077XX
333,1077XX
333,1077XX
29,1094EA
61,2132PX
57,1431GD
36,1521PS
34,1424LE
12,9747AN
33,5651GK
313,1431GB
24,3088KA
300,1438AN
87,1121JA
1,3161GR
56,1118LB
1,3161GR
608,1437EJ
2,1118DX
1,1118EC
68,1060RT
1,2152CS
31,2131HB
16,1013BL
15,1101BA
238,1101CM
238,1101CM
16,1562AX
16,1562AX
46,1505HH
50,1118LE
19,2909LH
10,1437EN
901,1077XX
4,2132RX
30,1118LD
193,1077AW
1,3417XT
665,1181WN
25,1118DT
57,2105MD
30,1441RG
6,1046AT
92,1433JV
12,3526XS
35,1101AE
15,1118DN
62,9731DN
60,2211TE
38,1521PS
13,1181LE
42,1121HR
70,1096AH
151,1951MB
13,1181LE
10,1733AC
20,1432JH
979,2136LL
24,1433AS
351,1432EA
48,9365PE
1136,1103JV
62,3021BP
351,1053EX
3,2132ME
106,1325EN
105,2516HA
392,3551CW
18,1472GA
152,1117BG
109,1042BB
4,2153PD
1201,1077XX
27,1431JD
600,3084CB
11,2132MT
33,3115JB
8,1437EN
14,3846AT
254,2132PZ
155,2132MX
13,1181LE
148,1111LL
42,1121HR
37,6075NL
80,1118LB
55,1456NG
10,1437EN
39,1973PA
55,1118EG
29,1161AC
87,2132HL
158,1117BG
43,3165AA
7,4191PD
45,1411PG
1,1118EC
226,1025SW
32,1171DP
6,1817MJ
213,1119PD
35,6199AM
362,2082VR
47,6105AR
121,3114GC
111,3047AT
48,2132MR
48,1014AN
57,1082SW
197,2152KL
1,2153NB
61,6811HC
5,1101EZ
5,2153PH
2,1948RG
81,3087BM
32,1119NZ
31,1118EE
871,2143CC
196,2131GP
18,1107PZ
46,1105AL
2,2132MR
255,1435CJ
149,1431VL
26,1118LB
110,1119PP
21,1014BA
300,1438AN
46,3047AC
30,1948PV
30,1948PV
51,2135GT
14,1033NW
20,2025ZJ
2,1069CB
238,1101CM
5,2153PH
17,1187KT
13,1181LE
4,1976BR
16,1521RC
24,1945ZL
37,3207DC
139,1165MK
11,2132MT
11,2132MT
11,2132MT
10,4455TE
14,8861NV
7,9871PA
3,1951NK
37,2141XJ
94,1423CN
13,1054PP
16,1078RK
80,1047HM
21,2132JH
46,1181WB
43,1107BW
1067,1103TW
335,1963AZ
50,1118LE
22,1948RM
2,1119NL
19,3089JH
1,1044AM
30,1504NB
1,1696AJ
19,1976EC
40,1991HK
1,1119NN
12,1424LD
313,1431GB
79,1944NK
12,2151RE
14,2132KZ
266,1102CN
10,2595AA
1,1437EP
10,1525RB
175,1175KV
103,1064HM
46,1316AJ
168,1217SZ
431,1108CL
1,1046AH
19,1069KB
28,1976CB
3,3199LS
19,1187ZM
211,1118BH
115,1183EK
43,1187SG
362,2082VR
146,1051AM
262,1506GJ
76,1541LJ
8,1505HK
4,3196KG
34,3439JJ
17,1521NC
26,2982CM
2,1948RB
56,1521RG
49,1911AG
40,1901RV
67,1645TB
23,1041AB
83,1689AD
6,1135RD
5,1627LB
5,1131KB
10,1044AD
150,1704VX
41,1608EL
18,1687WG
27,1135KX
156,1014ZP
51,1688CL
9,1704SG
5,1447NB
65,1764KM
46,1704SB
8,4906CW
83,1814GD
300,3024EA
4,1861TM
47,1843JL
2,1731LX
41,1781AN
6,1779CK
16,1851PX
5,1862EC
22,1827RK
70,1747HE
38,1483EB
17,3232CK
11,1812PW
10,1786PP
22,1781AC
13,9979XW
19,1976EC
2,1948RK
1,1934CS
15,1731LN
339,1647MT
153,1676GK
22,1747SG
51,1689AK
48,7555GT
151,1131DH
117,1749XM
2,1633GR
49,1781AL
66,1822BZ
7,1118DT
20,1047BM
7,1812RK
3,1786PB
2,1044AL
7,1118DT
35,1102SR
22,1654JK
1,3165AA
12,1119NR
7,1689AH
4,1627LD
28,1679WE
17,1817KM
29,1901PM
168,1811CP
5,1633JA
3,1463HA
32,1616AK
47,1613EP
23,1814GS
89,1602CB
38,1118LD
13,1628XJ
9,1616GR
24,1906HD
12,1446TA
30,1732LE
33,1689AK
12,1446TA
97,1689WH
100,1047HM
12,1723AL
2,1687JB
1,4004LV
14,4191NZ
23,1715HH
30,1704XC
4,1721JA
3,8448CE
2,1827NH
5,8102PD
45,7451PH
5,7418EL
13,8102HH
63,8131PD
26,3861PG
14,3899BK
28,3849RN
29,3849RL
7,8211AA
7,4903RJ
58,3198LE
54,2681LC
16,1352CB
537,1437EG
63,8071CL
1,1437EP
9,4706PZ
14,4706PK
189,8242JD
20,3899AV
56,1352BG
58,1318BW
146,7602KE
24,2941CG
94,1131ET
17,7944CE
7,4021CL
35,1332BJ
2,4906AB
81,8243XZ
2,8321WG
18,3892AG
50,1322AS
14,3891ED
117,1338JS
20,3176PD
15,8322CV
16,8322EK
48,1119NZ
10,4906CG
2,3199LR
9,4104AC
20,3899XS
25,7942LA
14,8606JV
7,3195ND
4,8255RJ
10,8251NL
69,1335EZ
321,8239DC
43,7601PH
52,6871CL
19,3089JH
2,3831DT
16,2585JD
40,1326TS
294,6531JC
50,2967GC
2,4703RE
2,3201AX
45,3024BK
5,5861EH
23,1902SK
3,1976BV
4,4416PK
20,2993LD
352,2273RL
40,3335LR
71,1607CW
69,7451SL
20,5928LC
264,3331ML
9,1118LA
38,1118LD
300,1438AN
41,3088GB
102,4879AT
15,3197LG
116,3012NC
10,5455GE
8,3381LN
10,2991LK
1,5707HN
1,3906AX
39,1067MG
35,3194DH
610,1069EE
13,6213JK
10,5928PN
42,7461TW
37,3089KA
18,5916PH
23,3791VE
15,3197LG
2,3165AL
83,3063NH
30,1119NZ
11,5045KV
268,3331ML
1,3207KJ
100,4381BX
36,3904HP
13,7541ZJ
6,5048CB
33,3295KG
105,1092KL
40,7825AC
625,3011XZ
3,1906XR
15,1681PG
39,3053JR
7,6191XL
48,3161KG
28,6081BL
48,6081PH
23,5321GW
74,2729AT
43,1187SG
84,3197LH
2,3016BB
56,3067MR
16,2678KB
2,6541BW
19,4301XZ
1,2761EH
592,3063KL
2,5321JJ
15,1111AZ
2,3449JA
130,3012NC
1,4941TA
35,5056DG
20,1047BM
5,4511HX
6,4202MN
6,3888MB
751,3131KX
9,4931NA
21,3011GK
60,3026TV
28,3077AL
3,9712AC
11,4561XZ
54,2731BM
5,9738AM
2,9735AD
28,4793RV
361,3925CB
27,4707BN
8,7323HZ
22,2991LN
690,3012CN
23,2984BE
5,4254AA
1,3068GH
19,2318XJ
30,3528AE
15,2992LA
159,3072NB
9,2402WC
3,5048AS
199,1118BG
40,2152HE
137,6001AC
40,3071NB
6041,4836LA
20,2665MT
3,3207ZE
8,9979XJ
11,3165AA
313,1431GB
5,4791VC
1,1696AJ
17,7534KE
10,3221CB
16,2717BZ
15,1183GX
271,3031BB
62,3341LJ
110,2913LV
20,1023XH
13,1161VX
55,5141ER
14,3203BK
48,8309CA
1,9693AB
103,2801KG
36,3192WE
10,1972PW
29,3262AA
47,1432CG
10,4387AK
15,1101BA
43,5644EP
46,3194DJ
93,1042BA
10,3197KC
5,3565CH
655,2131LN
43,4691DB
8,3255XN
1,6931SG
8,5014SJ
7,3433PH
6475,4836LH
6475,4836LH
154,4624XN
5,6905BH
51,1741BV
1126,1967DA
13,1437EK
111,2132LS
18,8914AS
41,3088GB
82,2992XC
36,3181VC
91,4611WJ
15,3461HW
58,1075TH
648,3071AB
574,1017CJ
5,1422XS
29,2132MT
121,2903PD
74,9672BH
2,3016BB
23,1432PN
29,3417BP
13,4614RX
58,3221AK
63,6584AG
81,2901JB
4,6411KS
2,3016BB
7,3047AN
38,4611AJ
26,6604BV
36,3363EL
466,3331LK
90,5684NL
1,3334KE
52,2987VE
112,5705CL
107,3194DC
7,3161GR
105,3088GC
46,3077AW
351,2922BK
2,4814DB
17,2908LJ
22,3133KS
13,1814GA
20,2514JK
2,4814DB
34,6363BV
16,3299XB
30,1191KV
17,2497AM
56,2909PN
149,3271KB
25,3133KJ
1,1118CL
55,1975AG
6,6065BP
36,1185BH
30,4611BZ
33,3073DL
51,4797HJ
136,3133EA
9,3208KJ
63,2211WH
30,5347KG
1,2665NP
413,2592RM
28,5344AK
132,3194AM
10,2153GB
52,2132MR
12,4251EN
79,7451PH
79,7451PH
4,9934GD
41,3194AA
65,1221JZ
16,2994LD
3,9712AC
21,3069WH
67,1103MB
22,6533SH
28,3291CE
15,3199LK
8,1118DX
110,4879AZ
4,9351ZR
235,8459BN
51,7547SN
751,3131KX
8,1437EN
14,5644NK
100,3316AZ
31,2131HB
9,3161KT
595,2741PT
28,2132MR
16,3125BN
7,3161GR
88,1507DH
4020,6604LW
97,1191EA
16,5048AH
47,1271BG
93,1106HC
34,9641HV
34,6641KZ
13,3274KK
4,6181DN
83,4651CC
34,3311LR
231,9205AL
12,1118CL
11,1541AA
95,3072AP
21,6281ND
20,5617BC
160,2593VP
26,5528NB
16,8331TK
37,8239DK
218,4707AT
40,7532RB
281,3931ER
8,3016DE
200,1097JB
4,3421BJ
1007,1077XX
613,3024EP
6,3525EM
28,5541BC
14,1339NB
5,9934AR
24,2991ZA
7,1118EE
50,1118LE
50,1118LE
29,8251PP
94,5751HH
19,2909LH
10,1437EN
14,6051EC
3,1115BJ
141,1079JE
43,5657EA
40,2132MR
4,3208LC
77,5121JB
17,3113AP
2,4814DB
6,4061BH
39,8013AB
52,7963BZ
61,2152EX
29,3851SL
58,2991LK
45,4901VA
4,2465BX
30,3199LB
49,9625PA
206,3067GJ
6505,4836LD
14,8304AW
20,1822BS
104,5701GV
86,2992XC
8,3016DE
31,1118DT
1,4811CA
27,2531VC
17,4538BL
50,2153PL
32,6666HP
50,3194AB
1,2952DA
6,3124SG
262,2525ZH
13,4904MB
19,1607ML
700,3083AS
700,3083AS
2527,6604LM
20,1119NR
20,2984AT
2,4143HM
117,2515BL
51,2908KB
39,3274LN
83,3355EB
33,9861AW
2,1118DS
10,4251NS
17,1483BV
72,2671JR
91,4875AJ
91,1561DG
2,3208KH
78,1503CA
3,1211JT
38,1118LD
7,1118LP
146,2691BN
62,3089KR
365,1437CG
63,3088GB
28,3542EE
44,7576EE
7,2871RK
342,3142LM
81,1441RS
25,6902BB
52,2991VD
55,8484KG
74,4024HJ
31,3372BE
8,5047RC
18,3013AP
1,8939CJ
119,7514DP
132,5928RH
17,3711DA
72,3731EJ
20,3356LK
137,1018RG
87,2316ZL
12,1446TA
366,2983GR
333,1077XX
10,1013BJ
13,3251NG
10,2717BP
5,5993XV
37,3087AD
16,2584TX
15,7587RL
10,1241BK
95,3067GC
95,3067GC
19,3281NE
13,4284XA
7,4436RT
28,2025RJ
57,8075PB
46,3316BP
52,6903TE
20,4907PP
10,2172BW
129,1091GL
3,7711ES
89,2516HA
1,1046BM
3,2584HW
200,3084CB
8,2548VM
102,3111PX
36,1042AA
36,1042AA
36,1042AA
36,1042AA
36,1042AA
36,1042AA
36,1042AA
36,1042AA
36,1042AA
36,1042AA
36,1042AA
36,1042AA
36,1042AA
36,1042AA
36,1042AA
36,1042AA
36,1042AA
36,1042AA
36,1042AA
36,1042AA
36,1042AA
36,1042AA
36,1042AA
36,1042AA
36,1042AA
36,1042AA
36,1042AA
36,1042AA
36,1042AA
36,1042AA
36,1042AA
36,1042AA
36,1042AA
36,1042AA
36,1042AA
36,1042AA
36,1042AA
36,1042AA
36,1042AA
36,1042AA
36,1042AA
36,1042AA
36,1042AA
36,1042AA
36,1042AA
36,1042AA
36,1042AA
36,1042AA
36,1042AA
36,1042AA
36,1042AA
36,1042AA
36,1042AA
36,1042AA
36,1042AA
36,1042AA
36,1042AA
36,1042AA
36,1042AA
36,1042AA
36,1042AA
36,1042AA
36,1042AA
36,1042AA
36,1042AA
36,1042AA
36,1042AA
36,1042AA
36,1042AA
36,1042AA
36,1042AA
36,1042AA
22,8757JS
26,1076AR
150,1098XA
6,3197LD
199,3161PG
199,3161PG
4,3208KJ
144,3361GM
11,3056LV
63,4631RN
70,5342LP
6467,4836LH
21,4024HK
6,7047AP
28,2132MR
29,3069AJ
203,3132PE
39,3237LB
9,3124LB
8,3016DE
67,3073DV
531,3072AE
52,5768GD
35,3151JK
28,2676LL
6,5521DJ
20,3356LK
108,4128BP
5,6372TN
17,1773AB
107,2511DP
7,5706LM
99,6071PX
173,3072AP
366,2983GR
4,3871MV
305,1118BJ
11,8321WG
9,1118DT
88,1046AM
86,1106AS
22,1731RG
3,4214KZ
313,1431GB
6,3824CP
58,3284KT
58,3284KT
14,1525RB
32,1094NV
41,2532AE
6,5757RN
16,5482TK
13,5081NR
2320,5507TL
46,5311BA
219,2562RK
313,1431GB
543,1435BR
18,4751XE
522,3011TA
2,3016BB
2,3016BB
22,8041AH
46,1505HH
17,1483BM
3,3433PJ
120,3421XT
3,5047TM
15,5928SJ
1,5041GN
10,4554MB
5,3297DB
402,5049ET
30,1118LD
827,2132NG
109,4813HG
1142,3072MD
28,1446WX
14,3079NS
95,1112AW
19,3861NC
23,7742PT
21,7671EG
44,5268HH
263,2941BL
17,3202VW
72,3315LG
60,2991XT
14,4903PA
130,2497GP
43,4791AJ
2,1943LD
7,3051BP
10,6436BW
17,6902PB
17,6902PB
17,6902PB
2,4761RL
1,2132WT
49,4711CW
15,3161GN
56,3861LX
359,1087LS
2,3115JE
36,1042AA
3,3011WG
21,1382GT
32,7591BT
2,2491BJ
10,4817BL
32,3832RC
21,1118LA
12,5657EN
750,3014DA
2,2851BA
1,5051WZ
9,5142PP
30,2993RL
30,6534AJ
32,7941KE
4,3208LC
3,1118AP
50,6241ND
98,7316GG
161,6441XD
5,3853XH
15,3047AK
12,3449JD
30,3088GT
35,4851CA
2,9735AD
24,5046MB
36,2671CL
4,2925SK
36,1042AA
19,4731CZ
3,8043EJ
3,4944VL
6,3812RZ
2,4283JH
6,3261NB
1,5928NV
16,2992HD
5,7821AG
42,3114NM
6,4782SK
102,3062ME
10,1013BJ
2,2512GP
70,2645EJ
24,1251ZR
141,8091BT
27,1118LA
30,1118LD
82,2992XC
92,3194DK
1,4462HC
1,4462HC
4,3151ZD
15,5657EM
6023,4836LA
5,4791VC
1,3068GH
25,3371HE
73,3342GE
66,2564SR
49,1781AL
6,6598AV
21,3088EC
946,6603CR
42,7512ZR
6,4782SK
42,1329BB
23,3194DD
23,3194DD
8,2984AX
52,2987VE
52,2987VE
84,1018AR
4,4906CJ
13,2994HW
17,4817BL
2,1942LD
52,2987VE
100,3331MA
15,7942JC
122,9584AH
41,4382NV
6,3945PB
15,3065DA
56,3241LR
28,5275LC
73,9645BM
79,1165MK
12,2161VX
63,4205HC
53,3171EB
36,1042AA
15,2651RM
11,2391PZ
55,8484KG
44,2153GB
203,7557GK
2,4814DB
1242,2909VA
36,9936BK
11,3941GD
38,4611AJ
9,4931NA
12,4817ZZ
9,5492NL
29,2926RG
82,2992ZG
28,5916PJ
8,7468DL
5,3888NV
141,6811HD
14,4251GB
14,4251GB
150,6222NM
2,2676LL
1,3436RR
220,3271LR
69,6921RZ
401,5462GH
263,5911AC
30,3071PR
40,3903WH
1,5161WH
68,6591GK
11,5981CR
8,1047HP
6,2802GH
17,4284EZ
23,3344BA
57,2941GN
135,4584LH
30,2131HC
36,3992LS
65,3833GL
36,3029AP
64,2153PL
32,1044AN
39,3088HB
2,3207KJ
17,1948ND
742,2909VA
55,3088ED
18,3223HL
1,2662DA
250,2571PJ
21,1014BA
2,4791RN
263,5464PE
2,2512GP
7,5555XN
33,2595AM
14,1411AT
34,7546NB
7,7545LZ
1,3925RG
2,3045AK
17,1788AX
482,1067XR
1,8881EG
33,1735HM
10,2661DB
33,2595AM
6,9723JV
23,3088HB
7,3161GR
59,3088GB
81,6921RZ
7,2841DA
425,2952DE
1158,6546AS
18,3207WZ
7,5405AS
50,1118LE
113,1645RM
225,2665MR
5,3034KH
13,3125AH
39,8111AC
8,3137ZA
106,2986HA
48,3295AN
86,3197LH
15,4223SG
74,3881HE
34,8161PG
7,5026SP
15,2033AA
3617,1788MH
43,4926CK
10,6641TK
38,3011BM
10,3344EJ
3,6595AP
151,3087AG
7,3161GR
1,3334KE
1022,3083LX
1,4941TA
11,4751SM
28,3087BP
4,2908LM
27,7324BR
23,5347JX
4,8448CD
9,2908LT
51,3199LK
25,3355ER
209,1813DH
7,3161GR
10,5964PE
651,3076GE
139,5932DA
36,1042AA
10,5914CH
70,3029BT
36,3143CT
166,3607RL
119,2586TE
41,3194AA
3,3621BG
15,2033AP
5,1951AZ
8,3011JJ
4,7924PA
110,7665SE
33,2681HZ
8,3903LX
80,1047HM
30,3528AE
30,3528AE
38,2408AN
41,3194AA
1808,2541GB
19,5051GS
8,2242LW
17,5931JJ
2,1118LK
11,3881LA
31,2993LM
4,7773NH
12,5652BH
24,1948AM
10,4625BW
1,5652LA
35,6598AV
3,3198LR
300,1438AN
84,3197LH
16,4879AH
16,3162RB
10,3124CL
12,2951CK
14,9974SL
153,2831AD
151,1043GR
23,4782PP
7,1047BA
3,2181GP
275,3314GN
4,5991EM
22,5754GK
3,3208LA
23,3825RT
46,3065HB
54,7397ND
54,7397ND
2,8013RN
7,2909LJ
14,3364AD
56,3861LX
27,5552PH
23,7396PC
8,1097GE
66,7772PB
303,2342BP
375,1973RH
32,1119NZ
32,7572PH
8,5144NP
115,6669MG
46,2141BX
1,6045JC
2,7625SP
19,7008AS
16,1325TA
24,6222NE
35,7061XV
10,2661DB
45,7556LV
20,7325WZ
24,5629HR
2,5085NB
1,4003DX
6,4033AA
55,3514TB
18,5721RD
8,5753PM
38,2411ME
10,3231XS
95,3012KG
95,3012KG
95,3012KG
95,3012KG
6284,4836LG
47,7771XB
4,2908LT
12,7575EB
167,1075GX
53,6291EL
5,7333NZ
21,3115HE
111,3087AE
21,3115HE
9,9672BG
32,6666HP
16,1171SP
81,3453PM
83,3316AK
4,4104AK
7,9717ET
15,4261AA
5,7261AS
41,3194AA
37,2678DN
6,3316EL
24,4706VB
52,2586SK
130,3194AM
11,8884HG
247,1432GK
5257,4814RD
55,2284AB
14,4714RR
14,4714RR
514,1082PR
57,1086VJ
47,6034RJ
17,5331XE
4,2925SK
13,1437EK
8,1611HT
45,3088HB
41,1322AH
41,1322AH
105,3543AC
63,6545AB
13,3208LE
3,3208LA
35,5701CD
333,1077XX
11,5651GK
17,6462HG
111,4021AG
20,3411JE
7,7006TJ
7,3815KP
18,5396PX
24,8071CE
2,3193LB
68,3853VD
60,3845LA
2,4128LJ
742,2132NL
9,4251NR
39,3194DD
5,2922GR
75,5431DJ
9,4661TW
115,4551LA
57,2761BR
49,1053XT
9,1454AP
161,3071NR
723,1067SV
935,3071AL
12,7575EB
11,5721VV
7,5854PP
11,2182DV
1,3281XH
11,2628BZ
799,3607MZ
188,1171MN
7,5221EE
71,5922VK
49,3411ZH
21,1043AM
83,3087BM
5,3351JK
76,2403HR
15,3087BG
17,5625AB
1,2805KN
4,3135JL
39,7006RA
23,5051ED
6295,4836LG
31,5341PA
39,2013PH
26,2982CM
26,2982CM
1,5912BW
354,3341BP
1,5813BN
119,3071NK
60,3454PW
64,1431WZ
2,8501ST
2,8501ST
28,1446XA
62,1817ER
15,3161GN
17,3235BN
2,6093CR
17,3771NB
50,3231VJ
1,3165AA
1,3161GR
285,1432CN
11,2991LG
56,5757AD
63,5047SE
7,8748EG
86,2992XC
7,2031BH
2,5575XC
30,3528AE
182,3331ML
18,2627AX
58,4661KP
4,5667KT
20,2153PJ
8,6836TP
13,5467ML
32,1704RW
80,2719EK
6,6603BH
31,3621VP
22,2153GN
12,2719AR
2,5928NS
52,2991VD
25,9936EA
23,2272NA
5,3016CK
326,1186DJ
29,4877AE
2,1118LK
20,5928LC
23,3335LR
19,5237LN
20,7007CJ
26,2211EH
32,2729GH
22,1332AJ
100,3431CB
1,4818HV
52,3542AW
26,2405GX
398,2983GS
8,5481HN
43,7773NJ
19,7942JC
53,6006CN
10,6031SP
9,5531AC
2,7554RR
20,2988DB
4,2901HG
6801,4836LK
12,1438BC
70,8071CW
46,1117BC
1,4761RZ
11,1731LJ
64,3011KD
20,4338PH
36,2723RC
10,6824DG
12,9298RP
38,4704RK
2,4706PL
2010,1104CA
13,4854AC
5,5421JM
18,8757JZ
4,4715PM
36,6035AD
39,3011TD
6,2992LA
11,2153GK
19,2909LH
10,1437EN
3,5853ES
7210,4817ZJ
66,3029AS
1,3133KJ
30,4881DR
15,1448CL
30,1992AP
41,3331LR
4,5411DK
18,2548ED
53,2906RG
3,2914TX
18,9671BW
80,3116EX
6,3772WM
95,3072AP
95,3072AP
333,1077XX
155,6005AD
1242,2909VA
1,7602PR
4,7554RR
1,7554TK
15,8071CC
48,7555GT
63,2211WH
1,1186DS
44,3332SM
134,4463AE
37,3087AD
17,9936BP
370,2401AN
36,9936BK
3,5047TM
23,4891CL
29,2132MT
2,3165AL
18,9671BW
15,3861AJ
211,2952DC
8,4765BP
237,5617BR
3,1432DE
16,5595XK
67,1566AC
135,1119RB
158,3045PD
18,3361HJ
300,1438AN
300,1438AN
31,9606RR
36,1314AS
1,3331CD
403,7534JZ
82,1017AC
7,7545LZ
875,3199LD
40,5657DB
11,8938AD
47,2678HA
1,3646BA
7,3812PV
170,4726ST
8,4251LC
18,2132MS
514,1082PR
139,1355AN
5,4721SE
28,3261PC
6258,4836LG
14,7904LG
141,8091BT
37,3222AG
70,3011WT
2,8523NB
134,1824LD
58,4771RS
136,1046BD
8,3016BB
81,3023JA
91,1102BP
2,9665PM
2,2676LL
2,2676LL
152,3331MA
21,6127BH
21,6127BH
85,5853AB
10,3381KJ
69,3083CC
178,1046AB
8,4401PA
1,2665NP
6,2565NS
20,1433JR
77,2408RW
9,8171BK
406,7327BT
206,3083BZ
1,3261PC
4,4797AX
200,3084CB
17,2404CE
47,3115JD
28,3261GA
1,3849BM
28,3206GR
96,2661GX
32,1567GT
107,3194DC
8008,3605LW
9,7418BZ
31,3333AT
31,3571GL
224,2593NP
4,3606AB
31,3161BE
69,3351LJ
7,2135KS
115,5431JR
65,2563XL
7,4731DK
7,4731DK
15,1412GN
36,2252TR
365,1437CG
5,2421LE
60,3454PW
13,9102EJ
87,1544MJ
701,1114AB
41,1781AN
33,1463HC
57,2992SB
20,3087BD
24,3452DL
184,1062XK
77,4827MA
1,7202BV
10,3031SW
1,6014CD
5,7418EE
72,2992SR
1,2987VD
5,4791VC
37,2132RJ
66,1161AK
2,8321MD
1,8321WS
49,8252JN
7,4436RT
113,3086GH
32,1704RW
36,3029AP
155,5616TW
8,4651KP
8,2665MT
12,6135KH
19,3171AP
365,2545SX
24,4705AA
94,2522XC
40,4569TL
12,4251NL
35,2904SE
16,3453NK
102,6721WZ
25,4251DJ
22,2991LN
6,4879AJ
49,2665NT
64,3237AX
3,5047TL
8,2441LD
11,3023PG
300,1438AN
219,1118BH
2,1438BB
15,9736RB
4,1056RZ
3,3833LB
58,4645BK
2,3016BB
2,3016BB
2,3016BB
2,3016BB
1,4513AA
57,3069BT
668,2493WZ
2,3016BB
20,3247BB
10,5928PN
13,5347JR
1074,1325AH
146,1057DB
10,6199AL
9,5626DC
51,3542CN
46,3047AC
6,5145NK
66,1511JC
66,1511JC
29,3125BN
18,4751HN
948,2136NH
33,4133BA
139,4708AJ
72,2551MD
1,5506EM
16,3071AE
5,2993VA
267,1435CJ
9,6005RG
18,4876WH
128,2211VS
11,7511ET
1,5928NV
17,4251LP
6,8281JA
158,2282NV
32,2404BR
7,4131LX
45,3053NB
8,3161GD
149,1431VL
192,3012KN
391,1093GB
14,2741NT
114,1363DB
14,2741NT
185,4872LA
15,4416PX
7,2492NS
2,5331JD
18,3317RX
33,6199AM
1,3208KP
20,5482TG
115,3082RG
1,3085HS
81,3029AJ
33,4931XV
15,3197LG
16,3029AK
4,5146AG
21,3089JH
47,8601WL
27,3192XZ
82,2992XC
6,5915PD
2,3016BB
7,2909LJ
127,3162SB
15,3161BD
22,2153GN
45,3013AK
6,1328KN
209,7513CG
19,2909LH
54,3454PT
33,2595AM
15,5107RH
4,7672AA
41,3352XL
43,4704RE
93,7891AD
12,3813VC
11,3821BG
21,3621VC
1,3044BC
18,7251KW
42,1338HR
20,2153PJ
160,3331MA
11,1118DT
1,4241XH
5,2153PH
58,3089KC
22,3218BJ
56,1046AE
20,2742RH
72,5341AG
49,3021KJ
4,5047TM
3,4878AH
184,3029BL
12,1531HM
737,3013AM
41,1014BV
262,1506GJ
6,8253PW
124,2974VH
100,1175RE
81,3087BM
81,3087BM
81,3087BM
81,3087BM
81,3087BM
81,3087BM
81,3087BM
81,3087BM
138,6136GV
15,3191SL
424,1019HE
20,2153PJ
40,6681LN
28,3087BP
80,4623XS
112,3316BP
18,3821AL
2,3016BB
10,5928NX
46,2986JA
21,7742PT
165,7102EN
4,5513AP
33,4033BV
203,1438BG
14,7554TG
211,3063NH
11,4761RG
45,3068TJ
20,1613DK
24,3144KK
6,5501GG
5375,4814RC
60,3067XE
7,5121DN
20,4202MS
5,3208KP
15,1785AK
9,1505HW
35,1095GB
36,3143KK
333,1077XX
8,5017CK
12,3067BB
2,7437RX
8,6836TP
9,5175NV
71,1271AD
207,1034SB
152,4705RB
21,6221EE
52,1382JZ
26,5032XH
9,4004LM
3,1437EP
193,2421AZ
15,5047RE
1,5251CR
32,2992SR
4,5384VJ
44,7009AZ
33,5371MJ
13,1161AE
12,2991LM
15,3862PK
137,7251WJ
12,3016BM
25,3811WZ
2,1118LK
116,1433DD
10,1044AB
24,3194DH
2,4671RN
15,1431BA
22,3227AL
1,4537DH
53,1101BH
6262,4836LG
41,4704RE
21,3073CJ
16,3011DJ
202,2665MR
24,5657EN
300,1438AN
246,3063TB
6,3945PB
15,2103XK
21,5441AR
45,3124SC
8,8013PL
8,6951MB
213,1119PD
10,6045GX
38,1118LD
2,7949AR
118,3067TE
18306,2132GM
14,3011KA
313,1431GB
107,2461EV
24,4385GA
454,1017CA
62,3453TH
35,7061XV
12,4621JA
985,2545HD
67,3119NR
12,5249JS
140,2263KA
86,2914AJ
25,3208LJ
57,6691GC
5,9301ZH
2,1118DS
11,3237MG
159,3527JD
8,3232HE
21,3011GK
29,9206AA
51,3199LK
40,3263RK
11,1781KL
31,2403EK
111,2132LS
5,2651BC
83,3029AJ
106,1103JP
7,4703RE
21,8071JG
34,4641JJ
110,7943PE
14,4064ES
1,4462HC
5,7641LH
44,3794MN
1,2131AE
7,7001BS
84,3197LH
10,7556MD
32,1704RW
26,6603AT
7,3433DJ
42,3439MS
11,5011EW
130,6464EJ
342,1161NN
206,7328PA
5,2616LZ
1,2991LV
51,4251GE
36,1042AA
258,3125BK
20,1432JH
13,1119NN
18,4158CV
134,3194AM
12,5953JR
15,2904AM
31,6846AT
58,4706GB
3,3297VK
83,1046AK
1,3131KA
2,3316BP
45,2461BX
937,1077XX
19,5807EA
1,4704RV
82,2287EK
21,3931NE
16,7251HR
19,7131PG
22,7461JN
7,3752LK
10,9641KH
34,3849RN
6253,4836LG
700,3083AS
5,2724CR
54,1119PW
12,6921RN
16,7731AD
2,3371NH
707,3131KX
17,1046AR
26,2983HE
29,1271AB
53,3072PE
11,5491SR
49,2382ND
27,2291NS
37,5103BT
154,3011BH
209,1813DH
20,3438AM
15,3861NC
12,1118LA
37,3011AA
98,3198LE
45,3631AG
26,6413NN
45,3013AK
39,2201AA
150,1273SP
99,6071PX
215,1119PD
34,3811BK
53,2908XA
6,4782SK
216,5251MC
15,2801VZ
53,3171EB
7,7021ND
41,3067GD
2,7587SC
2,4814RR
13,2723RS
61,3192NA
313,1431GB
65,1976CB
3,3207ZE
14,4101BK
3,2952AP
253,2901LB
12,4251NL
41,1118DT
5,4003AV
4,4013CL
78,4834NJ
36,3143KK
14,5627DH
5,9422CX
25,2525KG
39,2586KM
5,2031BH
321,1083DD
16,1703KS
60,1101GC
35,4849CK
3,3199KT
75,2595TN
6,3961JG
111,2132LS
49,2651BC
151,3194DC
11,3112EA
63,3352CJ
4,3016CJ
15,3197LG
164,1082LT
14,1411AT
2,2132WS
2,1067XH
46,3641RR
2,4641HW
10,5145RG
400,7602KM
45,2461BX
6,3016DE
286,3077RD
71,7411LJ
65,3044AK
8,4128SV
146,3192AH
83,6191BC
41,1014BV
15,7695TR
54,1118LB
29,9206AA
1,8042PJ
52,5171MR
17,3214VB
29,9672BN
332,2525LV
8,3037XL
152,3047AH
296,2566BB
24,6466LZ
21,7532SK
15,2408BN
156,6006AC
370,2401AN
41,1014BV
30,2404BR
14,1483EA
17,1483BV
17,1483BM
38,1483EB
20,3125AE
1,1648HG
4,9934GD
4,9934GD
4,9934GD
4,9934GD
404,2574BV
49,3899AE
9,1636XA
38,5931PZ
9,7872PS
134,3194AM
28,3628EZ
7,4515RN
21,7395MJ
95,3341LW
20,1432JH
10,3972PR
25,6471WV
2,7587SC
15,3862PK
29,7123AB
8,2984AM
19,1976EC
22,5061KN
5,7711EP
17,5142BC
7,4501PG
36,1042AA
36,1042AA
36,1042AA
36,1042AA
36,1042AA
36,1042AA
23,8191AR
47,1181NJ
28,2935AC
52,5527LB
42,8806KM
14,3417XS
7,5384VL
8,3011JJ
140,1422ZB
1,1422DR
1,1696AJ
1,3265LG
82,5751NK
29,5104JA
7,3085AA
16,1104DK
5,2134WX
5,9909BZ
18,3772TM
20,1095VL
25,4201JA
25,4201JA
25,4201JA
175,1011VM
1,2132WT
1,4147CS
1,9351VK
57,8244EE
11,8521LG
307,1012RM
22,7557AL
5,5107NH
5,5107NH
1224,1103JW
66,3076WN
29,3201SG
184,1062XK
2,4197BX
110,2515JV
140,9686PH
2,5121ML
26,3332TC
74,3162LA
263,5464PE
72,5467JN
37,4817WN
40,1424PB
1,1422DR
8,2593XB
5,5383KH
151,1043GR
30,2291ZL
111,3081NH
74,7413AS
45,1422DZ
37,3011AA
1,3821AE
11,2586EW
1,1817CE
41,3043JD
12,1531KA
96,1111PC
180,3086KS
3,7824CR
10,3221CB
2,4382NM
2,7821AH
602,1115TS
32,3088HE
45,3053NB
298,3067KW
24,6466LZ
6,5705CB
20,5411RB
142,1212AJ
134,2851CB
13,2497CZ
31,3571GL
7,6001DA
24,3045AS
20,2153PJ
12,5467KT
110,1119PP
85,3081AB
85,3081AB
61,6744PL
11,3122AM
7,6224VM
10,1967ED
12,3155WG
16,5469EW
2,1648GD
1,7202CK
19,4816AM
102,1022WZ
17,2132WT
17,3082ZA
181,1101CN
15,7942JC
24,1076DE
2,7554TS
19,3069KW
7,2983TP
7,3903LB
7,2983TP
6,5704RC
70,2742KL
5,7333NZ
83,6191BC
28,5469PJ
6,3197LD
61,3232PP
9,1069XG
59,3088ED
23,6438HG
60,7933PG
155,3087AG
36,1042AA
36,1042AA
13,3088GN
55,3088ED
142,1504JH
1,1696AJ
17,4143HK
49,1506BR
42,7961EA
27,1012EH
27,1012EH
39,3088GB
13,1118LA
5,9934AR
5,9934AR
19,4453AJ
18,3063BX
11,6542RL
33,3119HE
71,1271AD
93,4827CS
4,8701JG
37,3011AA
52,3133EK
6,3133KG
2,3133KW
7,6717CR
44,6665CM
1,1437EP
1,5351PK
470,4827EH
28,3318CM
3,7132AG
2,3194DE
52,3193EN
10,2153GB
5,7261AS
17,7218AL
61,1521RW
4,3313LC
48,3411EL
32,6828PZ
70,3319GW
2,3087AR
78,2993TA
54,1119PW
5,6019CZ
32,3255BL
16,3011TA
25,3208LJ
17,8064PD
2,7722PE
19,5388AE
6,2235EK
10,3264PH
66,9204LR
17,6191KH
14,3404WS
3,3247CP
14,3404WS
7,3742HH
120,2565PA
11,1316AA
9,1069XG
11,3436BP
1,3161GR
55,3088ED
1212,2153LP
111,2132LS
27,6191NC
4,9301ZS
18,3542AV
32,7327AC
1,2404CA
10,2825BS
127,3087AE
326,1186DJ
5,3372BC
24,1277BC
81,3087BM
392,2132PZ
32,9411CD
101,1118DP
101,1118DP
7,3041JL
90,2694BP
38,1118LM
21,3221CB
79,1064HM
499,1017BT
11,3208KH
32,1704RW
424,1019HE
213,2985AR
8103,3703JD
35,4782PM
300,1438AN
6,2994LD
300,1438AN
4,8226LK
14,1101CK
2,9615TK
16,2672LC
12,3751LS
322,2652EX
15,3235NE
84,2992XC
60,4891CK
1,1437EP
43,5451HZ
18,5721RD
15,3197LG
7,2983TP
25,4691DV
4,5371MZ
94,5144AL
2,6003DG
88,3115JG
12,4661TX
140,1422ZB
2,1627LE
45,3334KA
218,4871LA
218,4707AT
218,4707AT
134,3089KC
12,3439LC
3,3621MX
4,4104AK
45,6681LN
15,8701PG
71,4907XP
40,2516KL
38,1118LD
20,4793GB
6,1251CK
53,1101BH
88,3161HJ
14,8501XM
3,8448CE
14,2641JL
156,1102SC
81,4411PB
90,9001EJ
6,5721AA
77,6466NG
5,8091AJ
6,2041NB
431,1017DJ
61,5921CL
4,3034KG
240,3197KV
1,9041BM
26,2803PE
2,3195GB
2,4675CT
111,3087AE
146,5345SB
23,2153GK
44,7672AC
1,3161DB
12,1483MA
40,6681LN
105,1328TT
86,1421XJ
88,4641RT
1,5652LA
10,4696BS
14,1046AT
17,2181HG
16,2142EN
22,6595CC
37,3011AA
4,7418GX
161,3608AH
49,3011PG
421,1013DT
32,1704RW
27,3446BD
27,3029AP
11,4815NC
37,3011AA
12,6658KC
38,2408AN
42,1118LB
45,1095AT
262,1506GJ
40,2991LD
135,1119RB
113,3073DX
107,1451MJ
14,7957CV
2,6229ES
9,6845DP
27,6199AC
22,6199AD
50,4701BG
30,3281ND
40,1091VG
135,5017GG
3,4731RA
5,9979XX
49,7751AH
8,4671GM
76,3331ML
67,3335EE
50,7908HD
17,3232GL
801,2131MA
13,4285CC
35,5988AK
8,6951MB
2,2134WB
78,2411HW
20,5803JJ
3,2037LA
7,2992CJ
6,4782SK
11,5321JK
19,3089JH
93,2987EN
43,1431SR
82,4704RK
67,2908BB
1,5704RJ
1,2135AZ
14,4175LP
13,3706BP
79,5045AV
150,6433KE
3,6433KJ
51,3083DD
46,2141BX
184,3194AM
20,3078ZP
95,5953NA
5,9934AR
5,9934AR
6,6598AV
38,5926PP
54,5811AL
1,6416CC
12,6671HA
38,5307HJ
210,3161DA
6002,4836LA
31,6932BZ
73,3162TM
66,1161AK
123,2516BA
30,2851AK
7,2991XR
10,1044AD
10,2012GN
25,3165AC
8,3542AN
19,1083TC
6,3197LD
52,6534AB
26,3194DH
15,2512GK
10,4554MB
30,2665BE
11,3953ME
571,1104HE
45,1244NN
5,6852LW
11,3871CN
11,3404LA
7,4271LN
65,3117AK
151,1043GR
29,1043NX
35,8244DN
8,4731RE
10,3037XS
34,3648CJ
15,5165KL
357,7323ND
21,8253JB
38,3083RP
46,3813EJ
6,6604BV
501,7327LJ
29,9206AA
26,5032XH
25,5048AB
42,4904XK
7,2991AD
180,2035SK
830,3032AL
83,2861BC
41,3331LR
6,4671GK
54,5658GG
23,3201AX
68,4825BD
59,3088ED
86,3771MB
22,2909LG
10,5928NL
14,6581RJ
34,5916PB
21,2565JT
3,2681PJ
8,7903AN
10,5246BD
28,7606XR
22,8316PZ
18,2132WS
98,3117AW
276,1067KN
77,3087BM
30,5247MX
2,2406JL
3,7627LZ
36,3071AV
115,3194DC
76,3067GH
39,7006RA
1,1118CL
12,9601LX
5,2254BC
21,5232BC
165,1079ME
57,2992SB
25,7825GA
25,7825GA
21,1118CB
3,6251NA
53,8251XR
2,8915KM
88,1456AX
1,1118DT
6,3223NH
141,6235EB
28,5652AL
7,8265MG
233,5025DC
9,2751GP
44,3812PH
167,3316GZ
38,1118LM
391,1016EJ
75,7602KD
124,6163LL
22,3227AL
15,4388WD
4318,5503LN
24,4501LA
63,2587CD
35,7345DK
100,9801BE
62,1076AE
104,1012SG
4,5047TM
15,1431BA
10,2513EA
78,2984AB
54,1118LB
61,1044AN
193,2241SK
9,4902ZA
182,1102AB
3,5741SG
307,1171PL
45,2803PE
9,3119JA
9,5251RN
335,1963AZ
17,4817BL
40,2665JK
4,9936HD
4,9601LJ
10,5575BJ
16,7442CH
28,9269PS
6,3903LA
16,2993LD
3,6049LX
23,3115HC
1,3011RR
27,3335LR
16,3076GZ
399,1093GB
73,5013BJ
1,2722NG
15,2102ES
20,3232EK
27,1359HJ
3,3208LA
33,3356LD
1143,1077XX
62,7311KW
39,9203TB
8,6301WE
157,6136GM
71,8433KW
1119,1069GA
83,2861BC
78,9561PD
40,5222BH
51,1053WG
29,9206AA
6,2991XV
82,2992XC
5,3208KJ
16,7471ST
106,3772GT
45,8938BH
505,3013AL
29,4537BB
22,7531GK
37,5161GA
22,3454PW
42,3191XC
73,6827AV
5,6883JN
1,6717LM
1,9591TC
70,3011WT
4,3034KG
3,2661MK
20,7001CD
2,5145NW
82,5048AN
102,3062ME
4,1438AH
50,3032SW
420,1017BZ
1,3813EE
5,2969BJ
4,3446CB
6548,4836LD
26,6941EA
20,3088KA
130,4271CD
830,3032AL
8,8332JZ
4,4825BG
41,3086XA
90,2994EE
36,9712EK
16,9675RJ
24,6466LZ
66,3319AC
1711,1069TK
6,4782SK
44,3131NB
77,2401BV
80,5629BJ
2519,6604GC
84,1951AS
30,3066GB
41,9711BC
350,3372BS
14,6835CP
92,6433JL
268,1276KR
1,5014HA
1,3439LD
11,4004JZ
29,2675BR
11,4641SK
54,1119PW
73,3812SW
10,6718VD
7,6041TA
10,8243MS
20,7843PL
13,4811CA
20,3771MG
63,3542AA
263,4814NZ
92,3601CG
500,1017CB
152,1507WL
64,8152DX
51,9271VT
9,3332RB
2,8013RN
89,1214JB
5,5411NE
81,4251DA
4,3962RB
4,7773NH
3,3843XN
9,5975NL
114,2153PH
41,4413BR
2,4414BG
15,2908LJ
15,2909RG
701,1114AB
7,4104BK
55,3341CS
30,2991XJ
15,4782PW
385,1093GB
58,7587GB
14,1068BK
84,2613GN
102,3062ME
62,1015CS
5,4064CN
3,8131PB
21,7742PT
45,2675VN
1,4462HC
37,3011AA
4,9551CJ
1,7623CS
83,5631CJ
5,8024AD
46,3025GP
5,2033DK
14,2522CE
48,3161KG
3,4906CV
1,2761EH
751,3131KX
21,6245KA
2,6229ES
10,1326HE
16,3861CS
331,2531AH
5,2993LN
48,4824AC
10,4131MB
218,4707AT
107,1451MJ
3,9712AC
5,7156LV
2,3341TS
2,8141NS
1,5441PS
70,3062NW
4,3087BL
6,1060PE
52,2024AS
15,3161GN
36,1042AA
36,1042AA
35,6598AV
8,4401PA
38,1135GK
219,3065JK
29,3446JJ
43,7091VK
12,2911AD
14,2992LA
53,2548NG
1,8012EG
40,3011XB
2,3512HB
4,8081LC
63,2926PB
13,7442CH
19,5993SL
7,8447GM
4,6101WV
95,3341LW
93,3544LD
27,8332GA
13,3361HJ
97,8431KJ
12,5161CB
1,1437EP
56,9001BM
41,2382BW
33,2595AM
113,2531TJ
1,5923AA
62,2525WZ
3,2597KC
29,7325WZ
12,3068HN
351,4812XT
12,2451WB
7,2135VH
19,1693GW
10,2153GB
2,5629KS
225,9737HR
44,3118AE
20,5482TG
303,1171VC
6,2408CT
1,2153NB
5,8211AB
61,4826HS
2,3045AK
63,3253VC
222,3084LR
6,7255WT
52,7482ZZ
102,5013CD
7,3208KJ
45,3274BG
15,3197LG
6,2514BB
199,3525VE
48,3524ZJ
109,3026AE
49,1822BN
28,3291CK
12,5175AX
24,6466LZ
22,6833GB
23,5554AN
20,1363SR
5,2408AP
29,7461TP
23,7461TX
24,7461TP
20,7461TP
26,7461TP
5,7461TZ
31,7461TP
30,7461JK
8,7463PL
21,9413BD
62,3512AX
12,1962BT
569,2141AL
24,6466LZ
11,2231NZ
30,3891ZK
36,1042AA
36,1042AA
36,1042AA
36,1042AA
36,1042AA
36,1042AA
9,5347JR
84,3341BT
7,2992CJ
199,5751KX
43,3581ST
36,2135LE
80,1047HM
3,7622KP
21,2132JH
130,7336AX
502,3031EP
140,7317BS
391,1016EJ
208,3361AT
92,3601CG
25,4051BW
2,3016BB
2,3016BB
19,2761TZ
123,3071KL
104,1012SG
55,1106ZS
12,6902PB
53,3074WR
33,4624EL
12,1119NR
41,8253RD
8,4032NC
58,2548JM
426,2287RN
15,6121KP
1,4941TA
331,1035PC
2,3016BB
35,1104VC
66,1655LD
263,8077RE
84,3194DG
148,1689KK
53,2563RS
64,1511CK
88,5611NT
120,5521DX
3,2651GH
9,6603BH
9,3052HA
111,3087AE
16,1175RJ
5,9934AR
5,9934AR
102,4823MA
20,3088GN
14,7957CV
10,7555BL
22,2935SN
57,5223VT
34,1507EM
270,3011XZ
22,1948RM
1,6921JX
9,5985NX
530,1067SX
27,6911CD
1,6921NA
30,5683CT
307,3078AA
94,1506BZ
16,6811AC
7,1972NJ
16,5222AN
18,3821AL
40,1444VV
27,1531TA
77,2404HH
8,3039VM
14,3011KA
32,9321HB
63,2031ET
20,2225AX
22,6708BP
47,1211MH
357,3205HC
277,3112AM
140,5629GC
62,1976DC
13,3088GN
763,1066VH
15,3621MX
11,5711EA
5,5161RN
98,4827CS
58,4902TM
18,1061SC
71,2571AA
1,4131PN
181,2982AL
2,3994LD
46,8231EP
8,8013PL
36,1046AV
7,3161GR
580,6418XT
71,2562AB
5,2153PH
41,3194AA
63,4926EE
2801,6537GW
23,4814AB
8,5341AV
2,4251DM
28,3077AL
15,7627LG
11,3197LG
3,3439NP
40,2718RC
11,2231KP
30,3083NM
73,3038TN
200,3197KV
1,5262GC
111,4824AT
251,1018AM
1,9269HA
111,7556LW
3,3925LA
17,3151ZJ
96,2411VB
5,1822CD
10,9641KR
89,1119PA
20,6136XC
3,3208LA
39,6681LN
17,5071VG
242,7601GM
18,2924AB
200,3197KV
39,6624AP
1,4751XN
10,6135KH
107,6071PX
7,1689AH
555,1017DR
7,3045BL
3,3314AH
202,3059RB
13,8447SM
153,3038NJ
323,5142CA
23,1069PJ
17,2665LR
24,4033BK
139,2586SG
9,5041EK
182,1401EM
11,2201XC
79,3114NC
45,5973ND
200,1097JB
8,6905DB
3,1906BW
26,2982CM
34,2991LR
8,4726TG
37,2152LC
508,1103GZ
162,1094NN
4,3911KG
105,3087AE
178,1046AB
7,3433DJ
95,2672HG
153,1531LH
3,7483PH
56,2317CN
1,3161GR
17,2342BB
25,2641HG
6,2235SZ
9,3054WG
701,1114AB
63,2031ET
5,2318NC
15,8307PZ
80,1047HM
21,6245KA
12,1446TA
184,1062XK
62,3227CD
14,4205JD
15,2991LV
12,3315VA
203,7557GK
64,3011VD
44,5712GH
23,4325ED
18,2513BK
42,6043RE
37,3027VL
38,3274CL
117,6833HP
24,6466LZ
72,1423DL
158,2531HJ
38,3448WJ
10,4671HN
21,1060NN
4,3194DE
116,6538SX
17,2132WT
5,3161WE
40,3011XB
113,1813DD
35,5048AC
3,3124WB
123,1171GK
11,5049AE
18,1336KH
37,1055EW
8,4475AP
82,3311XR
66,1094SZ
3,3208LA
86,2992XC
126,1064AZ
96,5921GM
18,2162CH
11,5463XB
332,1103EW
57,1431GD
49,2811SK
3,4791RX
28,3066GN
3,3208KP
5,4879AP
1261,2153KC
98,3344CG
76,5015BM
69,3067DT
73,1106PP
7,9206AK
20,5341RE
245,1171VV
